id,side,area,mask_type,unused,resource_bytes,pixel_bytes,blitter_bytes,pixel_sha256,blitter_sha256,transparent_index_assumed
148,4,16,0,0,58,16,36,061757de4b3327deea2acab71cfc75b31bdfe63e50cd77ddb4ef3857fec07e4c,102b8334cf666108b9149270bb1c9b4628b8e43ea458967b83d4c3e1e4635881,0
149,4,16,0,0,58,16,36,e0fc9cbca01b06770c8d4b1c6eb2ff58f3cb5c0ca8fd49688a7c5c7e9430bd2d,102b8334cf666108b9149270bb1c9b4628b8e43ea458967b83d4c3e1e4635881,0
150,4,16,0,0,58,16,36,37c02721c1f9ddb9f43c27de22c068ea746084ea30f9f4275c109f49af9b9ef1,102b8334cf666108b9149270bb1c9b4628b8e43ea458967b83d4c3e1e4635881,0
151,4,16,0,0,58,16,36,bd6a4f07c6bc4a33d80fc879a0ecafb73e867759086793a1bdb56fc0dc9e7966,102b8334cf666108b9149270bb1c9b4628b8e43ea458967b83d4c3e1e4635881,0
152,4,16,0,0,58,16,36,7f40c2b0c0c0f3b18bd4da2d22421856de1c9a07757c51282891a6a99cf29911,102b8334cf666108b9149270bb1c9b4628b8e43ea458967b83d4c3e1e4635881,0
400,32,1024,0,0,1692,1024,662,56bee0d610d76209b30fa32cfde5b01df3f63a3331078280ec4178728b8ab4e2,d30105198def5e08ac6f09c1e5741fc0295b30d046b457c60d33adf0cf4ab6c9,0
401,32,1024,0,0,1716,1024,686,5135cf6c5892a49483ceb285bdc1499190c2f1eb12d4ccc5d9cf1b838d9a3ebc,354a3c46dfd816e2995fac974a891139e4403db0c3e066f6e7ab1b190837721e,0
402,32,1024,0,0,1692,1024,662,4c5f4399cb63097c554c02ffd87cc59962db94783d7c93d5b14f00bc77d90c95,89220966d61a26d9a96abcc7b39eee1ded669463027a30f6a0793e681ebb0568,0
403,32,1024,0,0,1704,1024,674,a4a17e4bb04c50b2b62cbfd440c8c46c1bdbe9c4769122db9688d203f0660d8f,9519023e5539342e5f7223e64d5f73a0d57202b5952237c2a3d16f3ba786b69e,0
404,32,1024,0,0,1698,1024,668,aa379ab09fcc81dc63d4afa494e509058641fe1e4f97e37c5eba44eebe09c2d5,a7eb9fa6bb72b1867c152a1384d51b86a6da3da5add11b52a074330c21527408,0
405,32,1024,0,0,1698,1024,668,88e606af2c8039b593c1c8b1862c9fc52db0866f7e1ad7c65f1c38403be5f557,52555cdcce67fea670a6023250a43ca083afd32ff065cb038aabadd16af760c9,0
406,32,1024,0,0,1704,1024,674,820bea25488f2e3d265a73ff04238f21484a99d311b492058bd0615fec9d8061,709058aea2491c47d5596e1f1a0555f0b0626e566940a04452c464736e8cc048,0
407,32,1024,0,0,1680,1024,650,7a0fa20dff7ad514a50f6e3994b59852e34fbe0edd432e2cc81a5bbbbff0e343,501ca4c7c79ee6c2ff4fde39301acec8022028bb1e4112001bcb35fcb0b7c08f,0
408,32,1024,0,0,1716,1024,686,cda68c2373b3bae471c44d08c67e1034d23460f73e74230b404f144d9f2fd0d3,bc5ff9304da92eaddb1f25200d4182cdcfbdca39ee2f89ccaec3f07b949eeca6,0
409,32,1024,0,0,1698,1024,668,1ecf4251c63ebc7d81e8ca85661138a97571106b2a4094dda5d873a6783f3250,63350b860226ea5124e442885f46718f92cf6779cca5f5f8d9390a5e7373dab2,0
410,32,1024,0,0,1764,1024,734,b681a868e45f83df89e919286c8f75ec1baedac617c21d8d7d34af152bddc2f5,d4ef38671f6841267658f25f45be2c0898d47801d7d3ca1d36ea927426695705,0
411,32,1024,0,0,1740,1024,710,07dc32645ed215b3d58c792d7408d4b2bee5049f209f40eb017674e93c782d01,ee8db92e33cd3796dc6250f3f9c8f6b83597a043f57a6420a465d261decd791c,0
412,32,1024,0,0,1662,1024,632,2a14937028be2bd8870c827111de82249260e7b76292622fe685549ad4c06528,f69e7922bbb20819df9f83714a4ddc131862446ebe085908fd36ec836cca8565,0
413,32,1024,0,0,1680,1024,650,c90e86145d6ce58178d261e7a3a60f6c830e8436afb75497aa86a07c83607df5,bdc11db260e35ea7b65e756b2fc5256d314f410f1d771d59cdd688a2aa8949cc,0
414,32,1024,0,0,1680,1024,650,d0557198329afe9751739adfd7883fd2976b9db041b820653f4d4f0a098e3dec,64bf7c4058e2ef257d976555ae8e61caa420dde7c68f251aa7aa9c57a5dcdc99,0
415,32,1024,0,0,1686,1024,656,176b0effa5a0ad3ed3137f72205a8ef4b26c0c3b7bb7229e9f5adff978b7cc31,cf6aedb58bf4e03c7f1f31e65f8af682a103c063afbad567023a01540cd69c26,0
416,32,1024,0,0,1644,1024,614,4033f780e47245090ffaf0e5b3507a5097ea3f8fc9722f958ac0dcdf89fc36a5,e276a29bf11547b4a2b2f14f028e94a6a3f9fc422cb024951a21887dbd962cdb,0
417,32,1024,0,0,1680,1024,650,b6833903d82a8d9607c36ec301d49fff63e9dbe9a909712360264d674c339ad9,53ea3b3fe933ccf8160a042b624d95f135037ee7cb85932ef0e903b37668fb91,0
418,32,1024,0,0,1692,1024,662,0a08b01fe02a12d08720387862813af6366af56148bfea539c728c1b667010af,b5d59e785a1024ac1665af06a5e631636dd311db72f1caee0c0c2f4859bc7fb5,0
419,32,1024,0,0,1692,1024,662,a2f50d4c1612706230cf26839dcd81fa17e7f4256cd94db5e3a1a81143e43263,4a64c16ce43895d8182dfc6b95a171df9dbaaec30a4f5bbaf374b1c18399bc8c,0
420,32,1024,0,0,1698,1024,668,ee01a969f8e06de4138052cbb78ca9e580aa0fb761fe5d214e9743960f679930,d6a4e209e4a24bfe334d30975a0165d6eab2c42d08cb2f9d7b49847d0bc14fa6,0
421,32,1024,0,0,1704,1024,674,938003326ac3811243dfe8dd680e361d2a8854efd5bb9a6d8ef06db4f27fab95,54976dca8309f54cfb3ad9ac7c93159e5bdb764f512ff2aeddffa41ec15230f2,0
422,32,1024,0,0,1710,1024,680,f2c5fb22923cafdf35eee175106a4d17869d026db1af630ccd7922347af2d265,25b6ae3427ab8f9f0d569a53af9e8c70b55a099fe676d7d51179f6922a6b242c,0
423,32,1024,0,0,1710,1024,680,a7f2db7c8c0f8f67fa40bed0d3cbb24310600f47fe075124433aaac4c47386b4,ceb898a65324f528a90583e286d68be8de2099ae7547a1a3d76738f474d31021,0
600,32,1024,0,0,1296,1024,266,56bcd92f6f1672b129badba0dfed50e24508cf4d9eec50d118f3253e60a068b9,a934e182b47783b53d986dca8e49e3801b3dd7dacd5c938b731ffa2c42d3e6e3,0
601,32,1024,0,0,1800,1024,770,58662d81b3113f0cca3d753be84fc8fb73fa77fc38d0cd5833d10a65437dc1a4,8f0c4e1c06b4dc5f8f3210b6e1c868c6b700ff64898e51ea44daa3f081e0d1c7,0
602,32,1024,0,0,1980,1024,950,1a4348db764e0beedd7c411947e4d009ffc424de29e7db828c26131ded48fbac,d1d4f774b6a16f3840cce8fb3cd3d8e76b16b09e01ffaf36cf76051d56dc3631,0
603,32,1024,0,0,1976,1024,946,dfd72c4e445ef60a6850a5c453a167ef9463350d5027f6321f962d8fc31967e2,04ea901bc10747b9991bf1e0775c57ac3e6af2036b0bdf1326d2e5ee9bf53662,0
604,32,1024,0,0,2174,1024,1144,b00756798c877cc2489f9159a459f453c59e52fe97d4fc46e019b6ccc70ee9ae,4bf579cfa2e9602f53bc97ba591b0d72e78f77e99e12a4b7ecebf7c6dee6faf4,0
605,32,1024,0,0,2076,1024,1046,1a026afde77dcb16aab84a49f4bd447957b61abae9d94d3816e1e2ad30d28673,90dfe2e2ed029905003b4195457770f3689125958d1efdb4849e62d98e3756ef,0
606,32,1024,0,0,1808,1024,778,c5ea02dabeddef498d736cbd2f4a73f7e673ddee5a774c86a93483c535dc3544,8ca1cc0066411921b618cc7d5206467a13dcb13062b4a9b1db4d23a2d3fc977d,0
607,32,1024,0,0,1890,1024,860,9d526acf654dea23929a848d95d99136559b1e0cd20655bab1435fa1fe7c524c,e0c5a02e93558a1412f210523674b9361c7ce601360b0d6083f00921ae5053bb,0
608,32,1024,0,0,1938,1024,908,c0d1d9dc94750411f1689121ee6a4877553c5bc7f6731e5691994014999ec94a,865ac72d142a247aaf1793c3b9a270fa2ccaba579a7b80eecee849a2d95d3a9f,0
609,32,1024,0,0,1908,1024,878,76e7894270ad762647202af23fea209fe9b370c61b66430a67ecbd1ace1dcf30,96178691456949a1c08056ea1d0917d928716eac3e29dcd0d3df17bad597fd5a,0
610,32,1024,0,0,1170,1024,140,5f70bf18a086007016e948b04aed3b82103a36bea41755b6cddfaf10ace3c6ef,867c3c6f32935dfbf90926bb0a27dfe36d7b622105d24f6db3fda74c9d59cde2,0
700,16,256,0,0,440,256,178,bfc8022b67b13c72d8910fb69eee6518cdd3ee2f4974e219e2d0aff1c735c92f,09ba14c47d21d3d62d603cb94edafd5e2873f56a4c4f22e6af28327135460adf,0
701,16,256,0,0,670,256,408,606ac639597480f46e7f3b5c9c5a0c4e31fb7e37c0eaf79abeb00d1d1f801111,d7a6c13567bcd28ceb8b5d755589de43e451d33ceca74ff5c5628642e0a5897e,0
702,16,256,0,0,668,256,406,4f67a62315d4b0a8a85b6218d290ba8cf9da92c7eb47570d7890099426ccbec0,7c1111aa231866b33b3d1234bb9bfd535c624b6fc08c923cd1ee53798d3f27b5,0
703,16,256,0,0,638,256,376,81cf11e98fa83097e1736cd6f0fefbe752f463f3354ce65e6a68a8508e82dde7,a4cdba0acab1f3c2cd5694fda9d5f6d2114460cc6c5fb0f796e2399c13d64b20,0
704,16,256,0,0,638,256,376,6db474be8670b1e71df59f9542a7641769b00a85398741a4e09b544d1c29434d,0f8780c39260e2b7af5e90823718f36fc055d2ef1523823b6e0065c24b641d8d,0
705,16,256,0,0,572,256,310,b2cda6fa80ea34a2cb81c05fa7070b5270bb4e14de6de06cf9966e727e24e3ac,c6fc875ab899278aab9840a377f162592d00e5a3aedc929eb586d6d0a3be0ff1,0
706,16,256,0,0,612,256,350,62a6151896ea1ad8514352f060a0c39dc99d77f79ddd1538d09ca87217eb8708,cc30e10bfec87510915ef88b8c3e2ce7052f804950d0d954e992f8749d825e81,0
707,16,256,0,0,588,256,326,3658bc8701397b88f454e440d998c8c7de7dd51a4c00c09e762c2b4d4d74bd06,736285e9c38ea38718c2a0dfecd3a7fb0a5754021f412ac476ab88e2c759930b,0
708,16,256,0,0,606,256,344,02802f36cbd189a2fe75d9a89cf28481cd259d94e8fb99f80b1d17d9e7cb78f4,d6c9b972463c4ca6fb286d4e65256592e7e8845a708235d7fefbcc2059a07b35,0
709,16,256,0,0,602,256,340,cecbaa1773369ef68788d53c2fcc92f4f9a99c0c6e6c24518a5f9dd56c17712b,43af24f5c8cf76642a0de26b6f88e8d90a0089c2310cee3e64e560c82181fb0a,0
710,16,256,0,0,338,256,76,5341e6b2646979a70e57653007a1f310169421ec9bdd9f1a5648f75ade005af1,ea808ab3f91eeaa6660a605948f597debd40d4e59b30e3540edbb23811841476,0
800,24,576,0,0,1056,576,474,a01a57b66d4096631b84c87c963767c5830fd4ad2ebd23d1fd39c1079cd54786,61d4e58d69d9de17bfb99d6072f3e8b829549dcee32d41b4b5b26c8c7ad0acbc,0
801,24,576,0,0,1032,576,450,1b176b7c549cbcc4a034ed2f5dc42c54228d34181b1ce48d4ece04349338f99b,5fca83901c4460ad4e2fbdb6344099c045aabc3116577a260d52453e2982a95a,0
802,24,576,0,0,1152,576,570,3b70360b5acdc94322bc73fb5a71249bcc0f7deb8a31d7611863729b272b60cf,227b6cf4a73e104a2efa366b9fc647f8fbbe84766e4b77fa1a623329bb685513,0
803,24,576,0,0,1170,576,588,ce73d18d764d5d2d3aaad213d81245440efdfd21efcf543d09484554c4e95250,72f64652dbfd2e2a225dd279ca9dac34e62473df9f42a36c2ebe9072e4961249,0
804,24,576,0,0,1194,576,612,39bacfcf0aa7f7d5bc067af161be312d528809f6f21433d103635153ed9f41b2,ecc15b34fca9bb1062384cc3c0c32f5832a5c8039d7d653535c87fa9a0debfaa,0
805,24,576,0,0,1188,576,606,010ccddceb4b6863c937a4ab2de6bc911586a70d7633ed6722332eb22acbb728,a4eb8d2fb82eb63f6b04da05755cf963ffd002c3c96e324bf2dccc22aef8b517,0
806,24,576,0,0,1200,576,618,0efccbc653ed210478ea97686444276414bec603c588b7363f51caba18993ba5,718e47e4154564ac9d5f23f256c563fe102678e83e1626e1c35a415611a0c983,0
807,24,576,0,0,1218,576,636,9613c75ffb0b9b608a361d7a9ca0fecbd7e85ed3526a3e095e0b1f6be8e1503b,04fecb3870573828142fa59993bbbaa8243ceeb2df87d2a5461c6ea33698dd66,0
808,24,576,0,0,1242,576,660,2d6f2463653cf36ae32e8b59e0d41ce38d93ca9b3a3070894de5c4129dbcb8d1,d8fc72dc796ce4d7de23119df3866fab2ca2987fa8e5be1cbdb8cb78b0694b1d,0
809,24,576,0,0,1128,576,546,48ccff7d937bdee569d51b42474a34c02fb28a64f2b5df929527280b6b0f3756,58194fcf29e1c02d40d9b8362b15755e591825a95913e2f20087194e49435905,0
810,24,576,0,0,1020,576,438,70b05cc53485a13b18b60465561a99b0c3580d0cc867ee1f8770083d7c91dbed,117bb1990399cde43409cd69166595dac87731e7c0ae7e8d01c1a79792e1fe35,0
811,24,576,0,0,1038,576,456,ade6aca835cdb8495cedf11cb7197aa13e1b9885eefa77ad7ec48f88aa1fe638,df521f8586670ac1f4cc18c687ebed44e810f8e4f03e08721a25b120e4395613,0
812,24,576,0,0,1026,576,444,a3178935a9b2fb53351522a22d69faf0158dc9e65fe61bf1db876fa265c5e449,68eb82903d1c3e915c3518d7fba2c6c26464e6d459cf41b9e358eb075c755f51,0
813,24,576,0,0,1002,576,420,1970d1b9931bdb1e6289f0816561c6c8fbd366e2a9d1a7d1710df5d69ff0601e,591df6a8527e20d0c4d9c11b67ce0b1742a69ae9cc65185ed4e8ea7455c4db3d,0
814,24,576,0,0,954,576,372,eb46f10e3009f39858a9f8be7f6a511e6be63ed5e97565a5fb7b0b6f4b8b83ee,8c6f4c56a1d3d187ad1569293559f075bedc9c9be6cc32e71ee6802749a75c5d,0
815,24,576,0,0,1062,576,480,016f4319877ac17b44bed3b8598577e78182a466299155337243ff983571abe8,4a141effce5b81072388ce0a131bee12ff6a2773d23c50e16a86d7825cf846b4,0
816,24,576,0,0,1134,576,552,178737907905f79b0b1fc883c23df86afa5e13256b85a4a3cd863c7905643cf0,e5bc25fada4e31f547f1a7eb251ab79fe179037c376ad93e7705171a02869cdf,0
817,24,576,0,0,1176,576,594,9b5c3345310d6ac46eeae7de1a203cedcc28129913d9f13971badd38df7c94a6,dd11a5f157e5ed25e109bc54f0d5f3585f9a9e19e76da3ef9a9d2bb6792adeb0,0
818,24,576,0,0,1176,576,594,9cc0f459657b1d3e7e288426af253016bfb54cbe13586843d11d6827af611732,57d60403e82dc7003b1568cf3db7c3c0e3240c6c84b1f40001b6200738b0c249,0
819,24,576,0,0,1188,576,606,67242af1b981e85aba3541f126b6129e487c67474764b08f4c6329d419c66a1c,f73e557a8a5c6ded2cfe44f53428e9ebdab7f0d5a0d4df32dd1bb547f307a4d8,0
820,24,576,0,0,1212,576,630,85059cd49d49b52cf3c35e10f86ddeb808f286b3163c5105b42aaa6d452ac382,74e7136c4abd7fb2293e3bad577098c7dd63dbed7feaf12f89dfc00dddbf35e1,0
821,24,576,0,0,1194,576,612,83d6a0950ae2e88ec4d2b2751c3b816aeea6576a847f01201a389418fca11051,c2098b5da433070a4332c2cd6f6232a7fd7497c456d710bff6008d85b69ef2b0,0
822,24,576,0,0,1260,576,678,63eccc0153ea2bf802ba5573cc8d9982cdeb542b16c7715ed21c24b36d13c68f,ca671d5dff594ab8ff8433876a68be445020c41320bdbdba9c5bf92e0a411b34,0
823,24,576,0,0,1254,576,672,228f6ed570a787daa463fa4fd7a92747e7dec4c552fc3866bdeefb88798f566b,57cef8e5c9e91c19d29c56c3e7f366d4b3ec4b75b9107cc6254eb28c79c12689,0
824,24,576,0,0,1260,576,678,2bc137742177bd71975dbb72ff22a95faf08fc6f51c59e03a58961a20b11c18e,6e26838cf91cedf7c0a6d8e1ca527f2c1743e9f7500bf64c2927cf0a34464c44,0
825,24,576,0,0,1272,576,690,c4624c5033704001fccb0697f1db8197c5340fa507670e958c18cbaac5ef4f7a,99daa27c0951bf01a7a7870ddcc25e39ccbb7b0e9f5de9a320de5501d47423ad,0
826,24,576,0,0,1236,576,654,fa5a58bcfa1e3fa38e4e836c57b0626725c44397bd42dc95e2006219793ec39c,7cc09c0fb995b55c519000294b16443dc12121adee6e0e54b3b2e8df38c21af2,0
827,24,576,0,0,1170,576,588,09adffa4fef38128b644dee3a4a7e7163e1c2c0755f882f349c56dbbd76ea1bb,870e17fdfb6cb6cc59ceeeaf0c9b61c911a2ec7cf76648c91f9d1d1571884897,0
828,24,576,0,0,1086,576,504,678215539b57830b0020256fa179a72e5eea1826dc21044ec1870248cbbf6692,ec4a61fb1c8fa3fcd25978a11158c739960c4d5a8c230c41eb5de156552d4409,0
829,24,576,0,0,1122,576,540,cc1987cb1feb33f0b38357d910e6f159be35a1ea2d74ab13f7996553f9288ca3,d5cb24d6115776b376b0a42263a992bbbcdeb74a6d5c8bd777ffe08e1613068e,0
900,48,2304,0,0,3318,2304,1008,58c77136da604e65198589b30efb5ccb37f455d9eb86509ceeaa56fb5cb25a30,01b32c6172f3aacadced7beddc00cabe0aeb2520f6f74d6acd7d6ffd662abdee,0
901,48,2304,0,0,3246,2304,936,3ff1be82f1e5e4cb03875fdbdcc34f5e8dfc7686841fadc600d084d2cd393b5d,1c772b80ff32287ce683635c37ca8d8ddad275d19059fd660ccfb92868b89c0f,0
902,48,2304,0,0,3270,2304,960,f225b5b36d52b65a8b7cc92467e8c761171c5fe67f405c6ec08ff1f9dec05d31,15be50f1edf9e01595d8f0368827b3f8dc9da1cf15c3e5f27f8f9107c2c76ae4,0
903,48,2304,0,0,3318,2304,1008,f018716ec9af66e38cc218c6d8ce813f2d77d3f5c88c751842695af7ca51906b,f189901beba102900ddb112122270543ef36e189fc1c56335023ef0da84e8444,0
904,48,2304,0,0,3288,2304,978,de8d803e8bf6e0b40fd90e56279b77e71b868270ce8859b453ab310534a5b31f,8863b88af624e2ff92d1528e0230e379c8876a38e7d0d9df83701ed7b727fbdf,0
905,48,2304,0,0,3288,2304,978,5d938de4845b572a8b332a02d548237419a4df4f9bb8d90faa8891a7a8920845,b7f79afc952ba9f32ee595413ec2f40ac961acd0434e1d937973f5415f796079,0
906,48,2304,0,0,3276,2304,966,2581d0b489888e968aeba7b543b51cd443821abcc998e4a81e47971f628b4b8a,8353a93c9789993ed270a6aa44ad2caea1c3d050d955ecd4c68c0346cfe6e474,0
907,48,2304,0,0,3306,2304,996,e359761b7aeae2f6bfc8386baf28aab054312fa548da6b54a8f0548826fc6edb,917def631c68bb5ca95b8e8e84fbe07bfc2c451da80ae89de554d730b98f78cd,0
908,48,2304,0,0,3330,2304,1020,a0e4ae7dcd62fe5b5b2218bbc3a0e603c1d93d5abd7f65f09294adc873fae035,e2faf2fe97f602d160bdd75957a3e64f0c589f7be726cf60529314145c486928,0
909,48,2304,0,0,3342,2304,1032,454f990a0f7e5863bc22692ce3346076adb060b1dd9070da06e3689b881e6cd6,8f386e2233b347cd8459df62a107e754e6f187e48b38181f3958a777119f7009,0
910,48,2304,0,0,3354,2304,1044,e2d4e2b060d1088a8de82fa7ec9661014b8d170863e4dfd5dc0b3549e7d668c9,4ec7a1ae7d84b1776ea28dbae52e79ce56579a90f24f857e0f89737e63394532,0
911,48,2304,0,0,3372,2304,1062,6ea0fa483388ac38ebfcfbd8107185ce16eaa0e1ccae4abadd9c98dc81486b37,643b436fedbfe472f9f5bb45d0a521689fc182f3993c04bdbb245d3f75c882db,0
912,48,2304,0,0,3336,2304,1026,aec5ce8a39da78c9cd6c449725a0431521af99156533d9ff8af8d4ff4ab44c8d,616e036840d8d4159b482af9a5d7124b8ce18566b2c72eed00797b11c5af2f0a,0
913,48,2304,0,0,3396,2304,1086,6781f5f51cdbbfea5023baf0f0680779dee04565cb23ac1990199896fb554ef9,0d1c7185b4e94037a08ac5dfab9ff4deb01314dc969b491f714833f74a910ac4,0
914,48,2304,0,0,3366,2304,1056,a0395bde80900112edd2d29104624b42a02090700342f17cd898249c142e7b8a,e4cb52c05e40d0a85f1bbfe40d6316723cd1358a3f7c40b26f486071a2412caf,0
915,48,2304,0,0,3288,2304,978,bf153682160b9dd7d4c713ad1ff81e7655b556bb2ee40c89bb9b70a61180fdec,15f19364e6ee0547764395f730624b7e22371193e45256ad53f321cabdaecce7,0
916,48,2304,0,0,3312,2304,1002,aec8202b88fd039b93cdd34d1479463ec59c2c2bcec67241dd7718d8def8d85c,b5657e5cad04bcf3fc7c222a8c2f08f855775598554539f5fcf2f90615f8272a,0
917,48,2304,0,0,3270,2304,960,4b4b564024dd6493b41892e5875ef3dbb690dc45dc4d1df6b2aaaa704430ff6c,83531b80547eb1772778c0ecf7897d3ede979d16ecfd0d7801d9321a62d84349,0
918,48,2304,0,0,3312,2304,1002,601e1833ad1aaf98373798a03d205e7f5ddfb75821b737526f66d980d7ee6722,7d3d3cee3e0c56d9d68842bb8d5198d73ba47f5b19662e1b9128269ca06c2b7e,0
919,48,2304,0,0,3312,2304,1002,02fe3292a7f576a9ce7bac4bbc91045699c5eb5711632743d68dd598f2e4c648,5cd8fb1d1ad9e1f2e0aab34be84b878c52295615fa5d9eb91edeb27b987a7b71,0
920,48,2304,0,0,3240,2304,930,559a39ab44c23e626e0676bada5f786d0be76276e3a12a462f8f44700ecc479f,cbcb43f38705519754c42fd8d1ab170d3ee067f0605c6299796433b0940067c3,0
921,48,2304,0,0,3306,2304,996,1d5806863abda5e12827ca7e0480256fd6ed15e1e67e4e511257e7c8ee5fb5d5,f0795b7ebe1cf56717e353497754ea48cdcf605ed2d3483e816c996ab79cba50,0
922,48,2304,0,0,3306,2304,996,a7378c44e3d6a8a7f544e8a0e4adb20cef2c43203d841fc672f391a101ca74cc,320467783bd686c6a8468b1b87bec0bcaeca87a7e9606fb7220368644b70763b,0
923,48,2304,0,0,3222,2304,912,626be18141ca008dedea8e23f2519e3bbf2c8a08af73899ce02e13a3a5747a98,021b69eed8cbf1f70aec7b3e6172d312e4791e1a7fed08251be039d75379862e,0
924,48,2304,0,0,3276,2304,966,0e7adcb09f4c0515df6abf32ec5af855e90e604999f61e1d53cbcb883c7f2dfe,f9bd72d865260639354d1ef8910d21fce0caa572b59d28589a2305f87998633f,0
925,48,2304,0,0,3264,2304,954,a36d440b7eae34627bd0c852f91842e0ea0f7430947e8a168a400d1e5a9bfea6,6ee53679160cd89b2d5bdd3658031ea63afffd16fa6baa1f8853b08b65472de9,0
926,48,2304,0,0,3324,2304,1014,39d16d18f09e7cf310a2447b44ff897794b8ebc85f0ec950846e8aac4d714fdb,ce024aac363f5711568b72f8241095ab6e76ea5e4b6452d27178b4c97352121e,0
927,48,2304,0,0,3276,2304,966,5c6a7c56f1f27225debba1c4c90049b0f7a60f36fa81cf917c141d6ed436f1ce,aedc60e23bc0cd70be9e02420b45b624422cc7b29e236ce5478895bad71f544e,0
928,48,2304,0,0,3288,2304,978,f946229367652abe298e3738d406882523ce769db15ac06ce696a817ddab345c,328e57f3a7646637ea175a354b62de6ab0d1730759822038b0eb034c18140637,0
929,48,2304,0,0,3354,2304,1044,c3e492c62fe4db3724ea0499fcc523817f4608d09873f0e3b958005262bb2195,d1cfe861dbdae4e2bc42c0a92e5580282973b44d7c704fda7b23578fd9066b04,0
1000,32,1024,0,0,1524,1024,494,6a4666da510a5f012db66ce825bb830ea09de18c406237107a765bdcc913d493,73dc42a4202ffdda355a118a628c2bd73c9d35b2cabefe7f6494d40ccb04c816,0
1001,32,1024,0,0,1590,1024,560,c4695d41d9fc78f56d5439fb2a68fb57f1bc97991ae69261256378655ce45dcf,6faf4e520e9635ef0001f90c07183734cb6225d639810fdaf0f75568b2d1af1f,0
1002,32,1024,0,0,1590,1024,560,377640dc485c588e9e6ee4a74609d5a74f74f01d943831dfe4c5744238060f6e,86b6ba4511b88c309e4cd394e67de4ba7f06b13a5629228d2a8317763e89c6a6,0
1003,32,1024,0,0,1668,1024,638,fefc10c88405e751135135f7ed820d03ab5032017c964ea87dfc439b28390e74,6255b8d3237baee4f56854dcf61ac0f4ecdb8f7d17fb01584bda421000adef0b,0
1004,32,1024,0,0,1662,1024,632,65619176ff86305e746f023eb27f39812bd3122f21b99699c6c5d14558a7887e,dd77758414fef1af03c690df0c34bb48d4b8d03fdde3879aca20dcdf1b08ca69,0
1005,32,1024,0,0,1722,1024,692,06e9fa0bfd37ceb934d9ee1eebf943183354818454a7a6e8d3658398bd8410ef,55ba1f831a2dce25d2716336855e0e89db3bc01853f2516e3a3c75545f14ded8,0
1006,32,1024,0,0,1728,1024,698,29d5909afade2ac0a81d5af22ee54611e4d8258be227023ac69f9dfe3abd74f0,f1dd01353c5a7d4eb2ea3a74a88d8b3183fc7d1722db540ebc21755956bb55ee,0
1007,32,1024,0,0,1776,1024,746,b540c428ff5b0f598cab10ed7775f3cce0e54ef320146df2eff4193a2f4e91ca,4499ad34711d710ff69c17bc4f183b3724bffff8c4a343cd0b7e9023276994d5,0
1008,32,1024,0,0,1794,1024,764,ee7fb96f9ef15a9dbe4c9f551c7f188972eba8b4bbe52aeeeb7b1941f7eeadbd,09d2dd3bceb873856fc906d1a3704ffbdc2d6086fc5dcf9eb5e5a5131a0981b6,0
1009,32,1024,0,0,1818,1024,788,1d6a033746911173d161994db12568ed9b4f6323f32cb2a243acbc245ada18ad,aaa4c4ebc6f8deb65b6a0c682d9fef2649bbb978ab7a89978a66a84e58189113,0
1010,32,1024,0,0,1698,1024,668,ca931ea3709cc88f879356f72b99b44a58d28650dcec22eb50447c94694adfe4,4ecfb8b5921efe41f1c910723338821744fc86f9409d4b4c3a79ee22f5631fd4,0
1011,32,1024,0,0,1674,1024,644,c3681c3b2735fef51bb12a774fd93ca9606b2a04cf64fa7fea2036c9c89fae95,861215d96b1e1ef63d62cf1eafccb21362ca1c6cb4be7454a13eb52bb081330c,0
1012,32,1024,0,0,1710,1024,680,24fa6f39a075dc8294eda29db0beddb5b07e4003daa4f66e41622c9b998d6119,cd7540098fb62e245c5fb46ddc3a8fffb41d27e80abfde30d5a6b4a92d1e7032,0
1013,32,1024,0,0,1788,1024,758,254cc5cb70b7062da3263fd1547cc36fa4435f047ccc442905a8bb004303dd40,0043b856170b5e0469fdd11958218a7bf6f72666426bd9be173d970a7ac24c95,0
1014,32,1024,0,0,1704,1024,674,7bbeeae571bb1a9a9ea25548ffb261dc0aa4d666998490236056d2db1e96bd24,66c63c451eae19d168906c55f2c1071dc4f661a52c30892cd7bce11323f2786a,0
1015,32,1024,0,0,1776,1024,746,4518659028e2180977559c90d3b5cc71c1c1eb665f5bca248fb6fee942e2f341,c1c83a6cacb1526a97f7c696c3cd9150025adb5e73520c92f635ea042d2a8cfb,0
1016,32,1024,0,0,1836,1024,806,ada78b07f69503b4103645a6f66ab84b4bab3d5f34f7d02f9cd095ffeda004e0,303c1b6b68f7a8130644573a80a6b4a2362d2379f0423198efcd880dc1fe5a4e,0
1017,32,1024,0,0,1776,1024,746,d85ad654ac31fd045771b3b7d504fd9d99ec1614950c539646761a57907e4384,9e9fe774a12164e570f3aaa2d891fbc86960b664881a2401e2e37c9be065a0af,0
1018,32,1024,0,0,1716,1024,686,0bda79e99fe46ad063b6c3b754803c211c7370f082a2ce8c39e8af51cb2ab2e8,70a18e68a904d4b06913e102ae0bcaeb8c72e34457e75e309acacb087421160a,0
1019,32,1024,0,0,1698,1024,668,762c77099ab10db5c22cf553ad42186b4dc75ac32124945a9260fdc5e67f133b,3fc3375bd4dd911910f3fb07f619be6e3aa687d6e55ae9e04971f596825f1eec,0
1020,32,1024,0,0,1686,1024,656,1317eaaf5a5b4ed7a1332dce290667548f54834138bb17dbb01f095e410eff8f,b8ef6a10881afc56f5e65acee4f493f17d0e4017d43d970e1e97ecb9da26fc04,0
1021,32,1024,0,0,1650,1024,620,320ed0967440251eed1790910bbf92148a1d7bec3fc5d7cb0ca541e54713be01,10a52d3c39daf7f6ec8f8ddb1eceb4a5503545fa2a42d27471bbff78ca528a03,0
1022,32,1024,0,0,1608,1024,578,da2e439cec771708435d788f56244b2befbca585d8a8a789d62be97d56579a6a,cda3d90fd131744e9a2cab314d9698598ca2e5dc6dc206fba60ccee9dbbcc4cf,0
1023,32,1024,0,0,1554,1024,524,adeceaf5115783942c95fe0cb3f53195acfd48d9ef7ce9954dbf5a5a7046cbe2,aa1c144c121088079c05701215be2a8ddc44d4fe8961251719d7eae6279e4ba6,0
1024,32,1024,0,0,1520,1024,490,6bf15d3c67e198d621e54fb12b1b1503697c72965d6546a88f3d2a23b1af85b7,dba0f249f24bb22f668ad9dee88ef10f3eed2dd7048ed73e58c9cfc7d149e080,0
1025,32,1024,0,0,1526,1024,496,5c725f8533cd1952595327fb325f86b0eba853141511134fc00d3b55a9c39618,f2e6328a85177c96f206f74b9056f7869ec928d825a460730be03274bb6884d1,0
1026,32,1024,0,0,1608,1024,578,a44ff4dee8a376cab817a9758841deccb5aab2037d09f61c1f38989143f7c7fe,09ad1cb3532700e06a207405760e2f336e9a847f064be03c64a0bf625dee90e6,0
1027,32,1024,0,0,1644,1024,614,d0f3b05e342414985598961e64da124940b24c03d64f6636aa29fe4abd5c5ea6,417bc238baadd0615f02faaf2fbc7e96eeab93c145e90409394ad411126b15b0,0
1028,32,1024,0,0,1722,1024,692,d843e61e8809a79687c0bfdf3666e1b3e1c12fefd215951fb6c55b0c86c00f71,96827ca87e2f1f51c4ff683860faa78bbd8246629c714b19512fe0bb66124ffb,0
1029,32,1024,0,0,1770,1024,740,e20b08985e36d2508bd0c96b7551137f18b34e0ee6bc8f225f41ba24c6d3b463,898ae773ece13c3b724df59f8d05f851b8fabe95dc85e77551842fd24b1f3283,0
1030,32,1024,0,0,1782,1024,752,9ca81ace1cfba48702c4c7616e3da99b1d488fcda84f28097c1a45f42296ace5,3042b3fa7796c44ec4f2e71da0369a644fab731ec0650f8f8e462b5de4415060,0
1031,32,1024,0,0,1788,1024,758,db7aa334b93fcce612fd3fe30034f68e0cb2031eeb7106932e15052bd52ba7fc,7c388b8b7d03696c3799dd8c29ce7829e9ce157276d141ed13aaa3894aa6affe,0
1032,32,1024,0,0,1830,1024,800,54737fc96514088e1014c58fb7a8e0cb909189e28278ea1c4ba5a1fb06869d41,eec21e63b6e54c59b262200af2648f3f213660da4ebb1c3e25687ede1c23f586,0
1033,32,1024,0,0,1926,1024,896,8cf5c34fb9e588e9cc1b92fcf551573aa352243f85d9dce66dd4fe8854370659,0398a994d167eb299712428798df8b18b0b49bc88fb8595cd27b9aeeef166406,0
1034,32,1024,0,0,1926,1024,896,770181a4a94a299e9537bdadd827fd9ee350af7d20bb523789490cb47ed7a96b,9688568c67b6f96beaeeb98dc511bd6c7dc9ab10ffa2d50dbcd3d06591b36320,0
1035,32,1024,0,0,1914,1024,884,9cb95c62d133b2de3160df7009d70af49acb3ac5fdd8cbdee13e95a69c1c73e4,6d50fb229ca475facd586902d2f7009b8159bcd28604f2c5508895f1bec272e2,0
1036,32,1024,0,0,1854,1024,824,3f59664a9715bae88875727311c70e88b7800df5707ab1f44f223529af091f3f,2f65eab0752995bf4771b8712fb75970aa5475fadb4011f983adde9f911d7070,0
1037,32,1024,0,0,1920,1024,890,b5a684732fb374f586edda446418bada1388bade1b393f6866d2128fd1591c97,3d57f43c12ec2b97246e0e5a2d22b879117cd40168fa392b3ca5d783dd31e155,0
1038,32,1024,0,0,1914,1024,884,cbdc7de549db0aba26e124e7cbdb5beca222536253e60213936235409433db85,b7bed2130f25b3af5d25488ca5eea0670fee7c6081021886b3a061868364e182,0
1039,32,1024,0,0,1926,1024,896,f23acbe1daa502943bac88222bd5a4351f42de22d2d5b23f57e26ba7dfc99a48,109492197c7513215713fd9eac153c4f30010c1944d233b0b8e39a89ec2d4a7a,0
1040,32,1024,0,0,1872,1024,842,f01053fc03e98b49255291deee949a994bccca76d78ce164ba019c9d82873042,d3203300dc82c99db86687adb942331a6365292c7819359b7090321f3da82466,0
1041,32,1024,0,0,1806,1024,776,0c3cd1e1d352c2bc868fd9748ce1dfde38e61b8ccff6902eccbea6c84da2eb02,fcb34e3296ea51dc0622f93bd49053a6c68d45abbffae44f5588bec01c4e3a41,0
1042,32,1024,0,0,1782,1024,752,8761a21c39c1ce43ecffe65c677d7a6ccee952093083f16a61932824b6f6d7cd,3a1eb5758525f9552ed6795e6f7a990eb7d6a9a965682eb6ac54173c84bcbca4,0
1043,32,1024,0,0,1788,1024,758,eb941b908cc67a2b3b3fbdf6d03342151772977e622923aaf867801748470e30,795456ddb2b1995a385f055ea19877c623429c9b1d82cf8c502b14dc0e3a451d,0
1044,32,1024,0,0,1722,1024,692,2b9a1899637170639d4e68b21e21b5abe90bd479c5ebb4775615a400e4ede445,41d52593c775b832a0434823acc85e6e1cd0c0010895bddfec67172a3926ff96,0
1045,32,1024,0,0,1650,1024,620,7dbd041345eb8ee722e54ec816020e180c9fe561f9ed8efaddb30653c80822f4,761177ef95e5b36cd419822dd3f638a50997f8f14eb170895088cfcf754e6679,0
1046,32,1024,0,0,1614,1024,584,f588af2758dc720422368b9b4cd0721ea6030e6489a19e32e1cd726933184de9,c741690115dd6ed7514a50b42209d4aaf854bbc4b3e988658363d9d0545290b3,0
1047,32,1024,0,0,1566,1024,536,7a9da09b58ae3f0c47d78afc4e254086d6e1901269f3d98da043b7a262dfa30c,e61295eb2bce15497f70764d1bed4d388feb32a9889b1b4f0d8ac8f3b397453b,0
1100,32,1024,0,0,1494,1024,464,056e698d28620d7eeecb6bd9bb6f2a60dbc1ec9b4285a36d0bf25afb3ace61f1,9ce341f35813ffbb46be29e5bbb02039fff366a47fb017581d11c387ba4671e8,0
1101,32,1024,0,0,1596,1024,566,e15a303ee1335d6469088a03914d734cc10e29e2e27aa929dae21be9bc72b8cd,60c404585a671b7078e8bb1823bab1ad0c9b17baceebcd9d4fe22fe302cb4b8a,0
1102,32,1024,0,0,1614,1024,584,3dde137fe9079bf884350572e1cfaed407b1c36eefed32e1dbe5294f5d5d6ea8,a9b98c27b82f60d4841f24b744d668f9adb6f2fa573a829dc37e973ec39ba865,0
1103,32,1024,0,0,1674,1024,644,6f08d64f941f846d13fd1c14efbd0147e33ed6e628286810ecbeeea444730655,4faaff724c6b8513a15b2d8ec0e7b32f853dbef265f527cf2f49c81814824d32,0
1104,32,1024,0,0,1710,1024,680,58e0914cea4ea79b20ff102d8c913ab1bfbb9f1c634b2a94a3d708299eb5728b,8319ba0aa4e1c2e1871fa423b3fd3f4817e49921ff6677ca0478f917188a5e2d,0
1105,32,1024,0,0,1764,1024,734,33e708c539da06103ed03ead68bf8167e36a91b5681517e8b51d1d360d371842,75d26477e1834fd20863fa359519ed7002aa4a82527dafd0344ff7fa18df641e,0
1106,32,1024,0,0,1746,1024,716,ed7ef9c3e1889258d12c894e60dbd4d60544209affa083643842678070317ec5,91a9d4baffbe17567671c34c14ef418334d7f41bf1beee21bdf53b68f2159de2,0
1107,32,1024,0,0,1824,1024,794,8183af849adea3d37e28915d36b79f047841686bd6412d715008a645ef5048c9,52ed7cbb7ed820974883b4dde70c91919428f7f5f5a0a2b0207b4e3d2cf8f445,0
1108,32,1024,0,0,1860,1024,830,40eeda56030b0745b93eed76cfb84d83b9ebd24b2aea38487ab09d2d0e11b147,2496be890f85ef2e5edef634073ca3e3acf86aa5cd2d8c7c97b576f13fd5a526,0
1109,32,1024,0,0,1872,1024,842,d8c00706faa866aeafbe3b74edbcae6a58570a5587629fed773347e9ad099c54,75d02d94bbfeb43b38387db963d653b0622a5c62dfd060187009c341cd034c69,0
1110,32,1024,0,0,1770,1024,740,c3c9a2ea908d220c1485d0cb9a9db9bc343866c0ac2a462241e3cbc82acc5060,f0efb5c5d0252726ef810253057c7034d02c97551cdbef59509dd30bbb41edaf,0
1111,32,1024,0,0,1728,1024,698,92bfe611598dba1dfe2caa13bcf20970e38da0ed9692ffdc66172df8014f2267,3cd51dd8be29ee5c2ae6369a5b270c4ae6e2494d43e09193f7a8aca987e34738,0
1112,32,1024,0,0,1782,1024,752,2d2c680b254c4d2e4bc33c0f5d2420b05171556edc21458dfb7f349ba7ae6124,f0668295df84a021f90404dc9c24fd17c25d01c5de9ac99ee07228d2502e3ac6,0
1113,32,1024,0,0,1854,1024,824,4551fd467e65d7a6b395e02dc1f30c74d078325793969bd9f95e0faf317372e7,02a29d6ca9753965db2632437cc5686a0e0b54f59dccb8916159f0f4f94b16c9,0
1114,32,1024,0,0,1758,1024,728,38d74d7b001ac9cbf42cd6c74aff9e66d9f946c1e4626086b9f9920d603fe99a,0c1103d854a89fe3507b9396eafaa1cbba257faac75068a185ff809cee0a76e5,0
1115,32,1024,0,0,1824,1024,794,bdb19f79e0d239c5daeff4eafe9e5034102328d817d23f875bc4901a54190c2c,ae4dffd8da952078a24fe618408c5f7ff2833d9b767043e354a07978994e12c5,0
1116,32,1024,0,0,1872,1024,842,ca8ee0100319dfdb074ca2f0e3dec1dd82fb03da7dba2a1ac5b2e04e2255cb00,43e65a189d39665b6b2e3852b6efb475d8ffe5fae344c5373352d8bfd6202c4e,0
1117,32,1024,0,0,1830,1024,800,1269ab3e1e09bc011de1321f2201fa27f51d6feff18458b898c6f163fce6320e,0dd55460a8b22bb4367b1fb5623872fc186e8daea1fc082db15baa0b1f4726eb,0
1118,32,1024,0,0,1740,1024,710,7a20038ff83b7d523b426cc890f25c65c3f00e56c3e59b1868720a9bae21ab02,b5dc0e4f9181b990a6699278c9fdd4baba5f66ef4c37dd57b39cba0615067fdf,0
1119,32,1024,0,0,1740,1024,710,82aea6c26f45866ec6633f494a6237615798eabac014ad94dc37d6c4581a4bdc,f04b9ae6aaef6039ed7842adddb5df94866c30f678afd16cc65b4b0e59e0773a,0
1120,32,1024,0,0,1698,1024,668,ee7ec6377bb17c13a3cb16c1f4ca8a42a5ec4f25c523da8ff0f27396f859b85d,ab255a7bca36349deeab7183794c957c7500c4b7e6afc827b7fe532ad6a0ad95,0
1121,32,1024,0,0,1668,1024,638,31dbf8948f1ed1f75e98cf799d2707dc6fe01c803801f4ebe21e1a1a76dcbb16,37edc200c2aba47eec3014299bdac0f05f533fd57e72986c048758f2ad505300,0
1122,32,1024,0,0,1620,1024,590,62bd69e9ad019119f72424abbd3f8516e6df8bca148cbd08ffd40a370fad6733,35474ba313bef19dec01e12fd248767cd2e21bdddf80d66a81768c9a36ac6a74,0
1123,32,1024,0,0,1566,1024,536,9760acebb27143847b39641e803e72532cc34b349ec89be3c59007d8341242c5,12ed79065ff761fceca7eb3bb0d77dbd82f48c66a49bf947ddcdf8ad20df597c,0
1124,32,1024,0,0,1490,1024,460,b2414321f30a329f39cc7b87ec3542693efe404b37a28e5930e11586187c47dc,7e43efdc3842c271c91d0ea76481edea003460d6f15e98058ae9ef3bce6ff5f0,0
1125,32,1024,0,0,1532,1024,502,ef7844e12a7817c6f58760ee8b7f281562dcae868f55b706d30dbbcebb319af7,082ecdd01f308d02160c4938e6532898694bc1f6201c8ac1f6568db55b13abe8,0
1126,32,1024,0,0,1602,1024,572,ad7f7546fc1687132d68ba5a86b1db46ef95d8940e799040aaa57b32cbe53bd5,a65c2546bb72307503734c42edd50a6695ee5e531cc880a1755597bd88358a38,0
1127,32,1024,0,0,1644,1024,614,895820f8dc0ede40e506e43a4b358013027d6659a86e965235ef37ee92ef3a03,40a382e2e8a2066d0514390f2ea11210fa8c4646bdbdca7897eaa53816648651,0
1128,32,1024,0,0,1716,1024,686,ae205d3812b93d5f49eb55970cdee54290f32bd8e7619f1d939f96b08eb72267,4aab69d145e8928b7ce6859439cded6c32fea0975110b1c34ab875bf5c992528,0
1129,32,1024,0,0,1776,1024,746,3f239f836a40c5cf3d8128bf614f53260b0f9816feed9c39be30e3743bc57d75,9b14f277aecd91b9906839a302b7b0717f4d6efc2022cf6e274bc7739e10b07e,0
1130,32,1024,0,0,1806,1024,776,d01fc36d2e30f1ac5306be264456a0b4d4dea98dd05a2e194aaaec886ef08683,f7ce288cab849b15de7462213d06f0b0bbbe4dd116574b89e3571e33f7a67048,0
1131,32,1024,0,0,1794,1024,764,1233528fbc91764a367097ae0e30b7090a4f76ff4e6d2c7f6e674c4d74612bd7,c7477b0117cd180b278810fbd0874bd141be036bcf021aec13db9fcd1c862693,0
1132,32,1024,0,0,1842,1024,812,934a9501fd1289632e4f733a44cb6d96e8229a5e9bc481476a89dde904e7a0be,cc475d18270528ebdb232eee4fbf69375aa65211861178e35370757af49b5a1f,0
1133,32,1024,0,0,1956,1024,926,5b1aefc6468bd2c220ab5cacad5cf701dd2ba92e4fe1e400b88ed057f7026c96,b61746e25b0a2f9320e44e7bab37f93c8c8ab7fbda7936ad811fa3787ae33269,0
1134,32,1024,0,0,1950,1024,920,11bb0af75a3141a05c88f041af0d073c32a2159e7bd4a02b98394485d2840813,73e4f9bb1ffa44bebcf24c5cf9aac3b41861a77bdd866dae85f689b876eaeb14,0
1135,32,1024,0,0,1962,1024,932,f08580e845544ac24253685784e3e54b61fd0ecde766ecdd18c2279a7c8e9caa,e37871dbf56622bfde0b007e327d572e8bac440f3d55fc9a305fd707f7d2c04b,0
1136,32,1024,0,0,1902,1024,872,f2736f981f03b73aa1ea3bde681bff57a888b70a960329739070340e0c87df88,38c13f561f5916d44be3eef295dd91b960f9ebdf40ecd4f50c31fd9634ffaf67,0
1137,32,1024,0,0,1974,1024,944,c8c60413f8229bc39e7cdde7fbb86fbaaf806e1c5daac907fd51538fff6b01ae,3056e6fe7240714612d76f3a27eae1ef997b731888e3aecf41e7b3f2857131d2,0
1138,32,1024,0,0,1950,1024,920,48eac70500e9573f0f02d6513ef8a17199723e58b3144cbe6387996b33abfb1b,38e4e5ef04b9684c4e065d04bd084805a0361bf8dd32e4899c052ebca6e0a364,0
1139,32,1024,0,0,1932,1024,902,a4b2be27c0ea2d320586cb52b4886dfc4e532b0e64b632fb00cc804df51abfec,e2edba7db728ac6d188e9366507780179ead339ea4eaf544b3dc8ea0c547be37,0
1140,32,1024,0,0,1884,1024,854,f31640d2887a5dc9801a886001251a2e2514c5f324a373b9fb03c99871bcbb39,83f5da618506a0c287fb2796a0a2152868f0cbc9c699b220cfc604c07a088028,0
1141,32,1024,0,0,1818,1024,788,9a159a9df44a84e2796db950cb9ae18aee7c89bda21da6ede05a738599129422,8790ed9af12387b62b1949307ab44c9d94b42aa680c038a2cc0c28b91cde8566,0
1142,32,1024,0,0,1806,1024,776,5444999dcd208d09e8f4dfffba7399cb89c926bfcedf22d8d5b20dac6040a07c,ecdafa150335f4a10e640756ce7bed2e6f630e20328dd9bf4f5d3d7b49b2e8ca,0
1143,32,1024,0,0,1794,1024,764,03161991f4a57130ef1ba940f1d8dd7a899bf0ce06dbcee5c74cfcb57f6fea5c,6eb8496d8d17004d2b6f4f19309716eea471ac66f6fd664a059e7b71d38f5085,0
1144,32,1024,0,0,1716,1024,686,c153e1532aa8c41031c99906aa85c1f17246a63f283350622fd611744011b5d7,7d0c519327824166e8fae4db97729eb41c3d321d7d2ff2b5cb2562aee73cc693,0
1145,32,1024,0,0,1656,1024,626,0d177f1f2b6b71dae827ddfe2d8253bf6436ccc50941d8a66c815c3d6d657f43,cd6cc69fd26aadc0c62dd5dec946b6b104d11683228d5a357426b6b0002685b0,0
1146,32,1024,0,0,1602,1024,572,e2619d20eda21e77a872aa0f9387dca42c476a752588f14b8a92d60d67e106cf,a270a89e7975de20442c99486cc279da9d8438062731ddcbc5c4f64e7cdafb07,0
1147,32,1024,0,0,1572,1024,542,aca658933c3fc77a6b23193041c1623ec520f9b6cd0491c95cc5c4b2afb1f61a,82162352e13993c68d2f0b4ec7501759089600a296ad1414cce3d4d057ee3e32,0
1200,24,576,0,0,1112,576,530,8bfc7dc4b497c79feacfdc310aefe4abeff68fc18fd7f97c8d5d66d2d131348e,e6cf353028f5216e53b904c1a0f0a02953c6b8c81548dbf1d42f197d4b715463,0
1201,24,576,0,0,1044,576,462,015b328bf6d8a011bb4594c09d81260812043b79ff5de7c60ef81ad07b06aacb,a3841e5f5a2a4a3e985013513aaea1f8f1ecfbbdaf27cd9f9559b20b9c1b6065,0
1202,24,576,0,0,1086,576,504,19878c617de8fa9818aeedfea70f245e7842f7cbfd20ca44aea54ade34bc01ae,e7dca33b5fc31f1c5a4a77de6996ff6b08eaa2955ebcd7634acdce86469b8434,0
1203,24,576,0,0,1098,576,516,dab5423f16e89cf4c397134f98c36f4283cb0aa5abd425f9acc37b141fde416a,f06ae329ff3bfdcf06a6ae01031358763c5bea40492aaac6e920270d7a692f1e,0
1204,24,576,0,0,1104,576,522,1bee375a5690186f57030911d3db273483e1b1f16eada7cc78bcc1fca751412b,8885ea589341ac826e9e4740df7373af7d82e75e84544a385ca30a32a7178c6f,0
1205,24,576,0,0,1104,576,522,0eafbf660906ddf538fd37de3f4fa6159a40e7729139ea987357b54fe4b7f2dc,1abbb98ed739ebc1489c4b941804212e02b6a50678896ab25846542464cda50a,0
1206,24,576,0,0,1074,576,492,fe32aa70cbd1148ec3b8fd50ec1bbdbef107f6aa406c281b14509b6939e4a191,898a33d588138199f95a76969eef924ce3c232057312f4c217d937fa7a47c2ac,0
1207,24,576,0,0,1086,576,504,a6ccbfe463f98056e9023bce9135d4cbb8accee4e1155cb3158f53db272fe6b6,c831743c9d2d4f2ede5914715fe30f885c9e81686b8eebd799bca7d03da3065b,0
1208,24,576,0,0,1074,576,492,f89eaf961989f74675bb614c481f2308dce1a5e9c829aeaefd1ee39e51a43e57,37a7ed0c202430272f54d44cbb04a738c2d606a2d9c875194f268bcd1a7861f6,0
1209,24,576,0,0,1086,576,504,7069b2c478000ccef11850e867f7f6cfad48b962048baf043f19279140e37da7,3be571befc82731bd78e00ce72d7f8868bb8fe79b4972050a02c2ae688eecd63,0
1210,24,576,0,0,1050,576,468,8628ac89fecbccb2c8e26a7ae5479496b095dbe0edd3e8b9a7b0fad822bb6d92,61ed5de7155432c864f758a3345f8ca9411a7de1839c0429384ba1d76bbdb319,0
1211,24,576,0,0,1104,576,522,9fda352344a69e33ac1123b5a43f4ec2b558b2b0300f57835af51c2fcfd3d801,7932151f79d68a7983fa946c404d762bef0e72ac86abcec15227c8acb644b059,0
1212,24,576,0,0,1128,576,546,0b874374150eb773f69102e1f859930e53ea58c9b1ea507d774d00cfdf92c524,a3262c68a1f04fd4c5e0700976e28b95bf481fa59cc51991766ba058138e5d4c,0
1213,24,576,0,0,1086,576,504,5fc841307ef7d0d6e094ccd202c4c9051c452b56a4e2de83d584d8269f49a541,ccdbb2ccf222327525f7ae51b04e861fdbe110cd26964c16cd159ceaf474c42f,0
1214,24,576,0,0,1074,576,492,a2114a0f68ad0b23f582316e99472e6a44925a4eb3d079ca8c004f071e094c96,3a1822af94a14ec47c967e8e2cdc6fc13f71bd76d57641a00c0daa96f8e52836,0
1215,24,576,0,0,1068,576,486,c5e621762da1ef54e7e0d935e8594ce4131375e67bfe6f9113cc17bc94e4da87,8951545acf8820fa13293a097feb1f3e1bc5c86b351740fd8deb348616b74072,0
1300,16,256,0,0,424,256,162,33cff2193b402b7bac45486fe2ba7b7c6f6793dbae7d3878bee4a2208652be98,1540340b258839f92f7f2e34ce03dad58b7eb21c8a005a4cbf7be90bac27054b,0
1301,16,256,0,0,470,256,208,499f70f6463bbd47be0ec9db13cd3dc9623216b1eb00177f51b1e6ac024cda86,56c5b216c9c0368b4b86f8ff23188141854466e1f5a2c88322bf26bdcb76c255,0
1302,16,256,0,0,512,256,250,0ec3f761b9b4751212e5afa859fac0d757d6f531e1d6d965f1c562a3b8ef7669,a4a453737fe4901ba48d28287ef4106254e88b96579bec135963bfbc657744da,0
1303,16,256,0,0,524,256,262,44c26c9843d42e915ceabc87a23a37cc4a169c6b6daada10535a486542896847,48bde4b0b77beac58319b30a291a02c366a9a98d0cd2949a125a7ac5e67d2e62,0
1304,16,256,0,0,542,256,280,2661bd6f46e6972bc514e0c75c08c2955b3a4b72713641cf79c1ae3eedaffe14,7921be0491b78c4a1782db567b94059014c7b5674bc23ffe0d77311e607ce6bc,0
1305,16,256,0,0,524,256,262,49adeb838655fdb407ae2c99ff8d25ffb77170e41fc18798385c08f363774fd0,4c4629c110c2ae91aee72e5e701fd5756a71c15ed80c5b6a581cc50522e363a0,0
1306,16,256,0,0,572,256,310,e940fe3816729304130e83166e079dc4ee7fedd1ee18baa1a2a16c30147dd14a,dea6f3aa223077e3ec0e04579360807bad12b7ee2956b99ee887441db731d3fb,0
1307,16,256,0,0,512,256,250,5cfa7dee400ad2fede413376073b145ead71773fc43ec672f19104c6da4a7da1,aace97184cefd2eaaba4c8c146694f7bba19a8f7a5673b5204208826c4a9c6ae,0
1308,16,256,0,0,524,256,262,161024dbb6658339cd6fa931a9aec8a2707a78a6253f118b5aa0dda99c415bb3,a8af2ab0f2a7296659c1e8fca0ab63bb8b934eaadde9e5f915ee3ea6bb2df22e,0
1309,16,256,0,0,536,256,274,629e84354867dc8ec5d9587d973c0185c07e36780530cf4fb3d4e44b51f0c69a,8abc44a3b3de62c922d05f22023cc9189063c2bd549364cfc5a8e1be45f36eb9,0
1310,16,256,0,0,488,256,226,7620dd1cac21af1351642269f9946ef4e85dd6b4adfa7e81a5e543ba35ca843a,ba26f20003d81b449737f86940a5c065a1b4367c66d74226bd870687ede2d4ec,0
1311,16,256,0,0,488,256,226,79828d5d7ea4e729618b7b495805891858dc399d9d3e45602829d9e8dc6fc451,7e235ef102065ddb1e0af9a0b142940ba38bf1c8601414fd535cfeec95cc43ca,0
1312,16,256,0,0,488,256,226,8badb0ccc4343b915b9cb00aaa8572f57396b4681cf5e8b94e9ea956611796b3,0dc5da840f72366b27eee15fa04876f6e8cd098036b4af5795594a0b4d92f0c9,0
1313,16,256,0,0,486,256,224,bb3b323a0f48f7ddcb42a490f00c749a389357a0b38f46f8cb34cd6525f63803,05faec905d78c3a01a118f613eb78a4d694780eb52c76fd9c28214332585e7d8,0
1314,16,256,0,0,454,256,192,5ead836080e8e248a368ca3fd975afa15470b23c858bf4a245d52b6885f96d5e,95948a734c82ffd68f6a84f3af0cb5ab054b3f681636f1784eb8171d7ced0c70,0
1315,16,256,0,0,424,256,162,4bf2e4b7911f10cd0e941ac960197be19d597ea93223db275996f2e125d8c941,1540340b258839f92f7f2e34ce03dad58b7eb21c8a005a4cbf7be90bac27054b,0
1316,16,256,0,0,468,256,206,e4fac7ffd100e27814b6af7b15e18ffac6ab2b2485164b85f27f1106003d338d,861c0f9075b1db03014a2677543962c0b0823efafc506892c50f50c3d466765a,0
1317,16,256,0,0,476,256,214,35f9140d9375311a7c7eb7321e524ab6f2073a6fd36acfe63a387da200d79633,4ae16650321cff003ac192cabe4ef875b9c22d3fa89682e42c259665f5fc0af1,0
1318,16,256,0,0,488,256,226,b42fd606aeb4feb65f7df6c40ca0baa4218af430b3d7a0c8fb9b43514474100a,81713cd031b098da05ea34090308a492b6f688769345497a95d5698f70369588,0
1319,16,256,0,0,494,256,232,e9ace89e9b41202876ffb7c709759d0a1f797c823305f839e3127a077f382bd6,a096219f331b8a5a1a303b688ccb942f3660c0e0993f7f9060d1653bff85f548,0
1320,16,256,0,0,494,256,232,88e4840e5b45a689acb6b01f06ac805c31394afdac6f0c267533e7525f00b237,adaa008cd5b021a14be183dbd5f0aca1509e9efcaf96ee15fcc63daf3e327b16,0
1321,16,256,0,0,536,256,274,57d8967d9f49467a28bcc0cb2c5c7d864832b287d3697ff1d0f6cde77b18422e,822f53a95087e022f0ed7d5e7a02ccd7f3370b506683acbca5d39f03400aa102,0
1322,16,256,0,0,518,256,256,2dba3a4654c7d64b375c1f6b2453c088ea26768da1d259f1972bedc5c81b96ba,2e9615195a1cb7af264ea254e68ce70564e17c9c64902b85ef313632fd7a6f9b,0
1323,16,256,0,0,512,256,250,47336dd7e21aadd7a7f8fb4a1583b35b8061230620668eee884a53fadeb56f9d,465b6e0d3e06e965d5f10831daf9ca3571a2ac689f02e481dfe3abc3c0655fee,0
1324,16,256,0,0,566,256,304,aa95d6e35c7e16747c879d864e4e33a0b0c69eecb7a83206df172e6f373d7ae2,76528bef32b20c8de3782b379d26b018462ee38fd1b8115260f7845296bf4f74,0
1325,16,256,0,0,512,256,250,a49e043f1a2d67cf1dea84d6a571404bb25ec5da659b1fa57f8d19dbec13205b,5e776bc9030b3ff4f95c513390d1a8f13fcf93e0db4f8584f0524e085fcce0b7,0
1326,16,256,0,0,530,256,268,f59206a7c9c7be548cf3458fc52656a8fa8b572c310c1d956d1e2b89e59b342d,81a1cc23307ac4423e30a18be4f0d85b628b9d852f280a680a77dd50b42006d0,0
1327,16,256,0,0,518,256,256,76912d19d67036c6e63cab37c1fbe579b91880b5b420df08433d60f16f882c62,b5eda9c921370b4bee862b3478f906a544d2ee72d9a722e5ca099a0fb5844013,0
1328,16,256,0,0,518,256,256,8d443613fbf2da6d87463b4b18d644ba729487f6a3e2ff0f8b2e3c32cd5e325f,ecc90648eae9f2cf3d5863ce9dca93ae779f3dbc38e5b5ffd98d34219f1882d9,0
1329,16,256,0,0,482,256,220,bbd436904b58f54d34cf4f2a037cf0fd81c730f33fb8d7e61277dd36f61c64ce,da613677b0b9facc5a79ecc8921ea1d0c24347a9e7fc727881c9e5442be52df0,0
1400,16,256,0,0,440,256,178,7ca19e5334ef5f508489004ada981cf1c5a26b6cfc2eea69db32a70711cfafe4,60a944c8282aa7cfe429a9963ec5842f74fe7717ea23bd70c2420e4833807762,0
1401,16,256,0,0,470,256,208,6eb20c871bb75bbeb452b932bc77d6815e658e7679155ca803a2b98d272ab795,56c5b216c9c0368b4b86f8ff23188141854466e1f5a2c88322bf26bdcb76c255,0
1402,16,256,0,0,512,256,250,7cece54861d30e52a247c3e899a7ffc15ab46297af93ba7aa143b4694cddc5e3,4242ae71fc95155e17105940b439731ead86e257b920e9db70c2d84d3cbc25e7,0
1403,16,256,0,0,530,256,268,329856f132ff07c9293afd78ac185b93a9998d0651dfa1bdad16370886726818,ec15e792213aa6d86c349e090e676f0a76cf4dae3cec8a301085002275a795c1,0
1404,16,256,0,0,536,256,274,39b4b00fb424e4799fd3dbca935ec8abd2ad60299cad0e77b527251e47dbe5ca,295f7f1427a52339d0a138ac4b73453077c82a15a09a4075b43c87fb14477783,0
1405,16,256,0,0,518,256,256,5e81bc0c6cf0a27577f73afe8886fad0b0404ceadcfc98b8d32e8862b0f2e270,a6b4052c0a9a2e139db8d1dd24f3154ed84478b6d18255926c87f0eec02337b3,0
1406,16,256,0,0,572,256,310,129ec18d4d58bae673f458ee432ae85d8dbb786a5257860438544e416dc84637,dea6f3aa223077e3ec0e04579360807bad12b7ee2956b99ee887441db731d3fb,0
1407,16,256,0,0,512,256,250,a463791b344aa345dabec3858f05737af9cf0bf93a21b0c60031c4503afe9038,aace97184cefd2eaaba4c8c146694f7bba19a8f7a5673b5204208826c4a9c6ae,0
1408,16,256,0,0,530,256,268,a39ebb35b99a94f01fc1324aa11a8453f94b5e37fbbd9adb7c120ee7cfe24d93,83e7e6c04ebc58a3d5a923d925bc6c12631e8be2d76e69435cfeffd6caed0915,0
1409,16,256,0,0,542,256,280,a9825a438c012bae1d4e396a1faae77607f10212fd115d276bbda756938831fd,ab3e86b03ad2ec569fa521e4b2e341988469904bcca884efe901472c05124b67,0
1410,16,256,0,0,506,256,244,73a54bbd7069ea7d523a8c80d2a07a52e027e6b7fe0b740af553ed2174bb1a1c,24a9de0c14da58dacaad872073e2e3b924634ee25f8a8d65c3cd073dc97e5df6,0
1411,16,256,0,0,488,256,226,677e3e9f8358e8737ae2f103cdd7b422cc9c87d06390a605764b0fd1fb7742d3,7e235ef102065ddb1e0af9a0b142940ba38bf1c8601414fd535cfeec95cc43ca,0
1412,16,256,0,0,488,256,226,9c7555f5cbc4029d4a91d9655f87b75796f72b459984ce8cc2a15689d39cd2c2,10f472aead9ea52097cea156eaffbd88a5a72a76b61281712fc4198799ae418d,0
1413,16,256,0,0,480,256,218,6b26b9275d16ff4ca801e667f954ac17de8c46313b4b4e84644e15b14d23f018,6d75a98e8187e84d28169073978c3c70254785fef54eb88a1d7ef0ab239066ba,0
1414,16,256,0,0,452,256,190,08b6c00c097228927a3d6edd29f3e1967cf1d88ce132adae62953dcc5f6216d7,1ce957a4aae4eba7e5b969a328f8117069b942b274eda237a9d7a6900323632b,0
1415,16,256,0,0,440,256,178,17b077697a8073dad3bbf4c98ac4fda821b34d3797e0f827424ec0754bfaf787,60a944c8282aa7cfe429a9963ec5842f74fe7717ea23bd70c2420e4833807762,0
1416,16,256,0,0,468,256,206,10db4f2c94b7125cc9f91e68a402204f08bec52624fa97093a7b55dc193dc960,861c0f9075b1db03014a2677543962c0b0823efafc506892c50f50c3d466765a,0
1417,16,256,0,0,482,256,220,6d66aac18478d46c73960ca3bc4b12ccc578bc92b9a45c2482d4631572e625ee,20250f8b410c5929d4da1666b1eb437009edc16eae08710b92552d51a6123fd6,0
1418,16,256,0,0,488,256,226,4a1f1f0f5e68b86510595c3b4af051f7710746853c74f1b6f1f1cb45d3fde867,81713cd031b098da05ea34090308a492b6f688769345497a95d5698f70369588,0
1419,16,256,0,0,494,256,232,ab9f6f7678a12a0a30a680901bde3c92f25d09a69db2403444e3992a8c28c4ba,4aa9db151dcfcd8e7dbd0f36012542ede308cfeeacdb14600558b9aad8efc6fe,0
1420,16,256,0,0,500,256,238,3b55f7d6bfe3d498f2584d92887d1b7f0d0d08c3ba05ff83202c11af84a004ba,dd0b6ed5ca47cb101c6ffca4b21debe35bcbe321d45ca696cbeb672748298aea,0
1421,16,256,0,0,542,256,280,582f38ff02eabbd78d0c1f7fd972a33f84f41b238572fa6bd3e68e0c9eb408cb,86a2e3d2853787f9c4b7833694f449d9cbff9544235c57ac78a9ac0af0a9723b,0
1422,16,256,0,0,524,256,262,6d4dfb1cbda585b0ed4bba1d14f94d534f232095d33d4c3ca57ff2ea687208cc,8d6deb9b873d21369ff53942dc22e1509e1e6f6517bdcaa728615473bbacdc5d,0
1423,16,256,0,0,512,256,250,f8ec21c787942446c8a44ed948eeeae80a21b21f71e976aac930f12e02ab2559,3e6d4d78b3b65b3edf6e61d67898ef82108735c454b6ad95aef02eab54b3b75c,0
1424,16,256,0,0,566,256,304,c20f39fae77514f911f6cbb644193e74db59cf5fb6f8fed990e2412ad963d14e,76528bef32b20c8de3782b379d26b018462ee38fd1b8115260f7845296bf4f74,0
1425,16,256,0,0,518,256,256,4c87e6049f1b5d3e522028c8ccb3655faa09e63020aef51ada83a5b48fe602a3,41aa6b2fe0b127f95bc246e57de57d62cc610936c941ef85ebb2f41fc45a2dd3,0
1426,16,256,0,0,548,256,286,89da68657bd6bbac3a45c0e92c8d0da856e31ee138a09807272db221ab6b6079,e5258d2f4567cf39298891129a2343dbf47af889aa0cab8ff8e35625e9b8aadb,0
1427,16,256,0,0,524,256,262,fa112d1466f87c0bc39718933618ac4d733a014e75a4022eb5eb37516a936ebc,26ac0a9f0d75d6fa11b65ae677cb8c302e54437dccc5f74452e8cebca4a4bb77,0
1428,16,256,0,0,512,256,250,de8d55ef81b35e4c934d88f748a7eed69f9328bd7dfb0677f4d8a9bac43644f8,1226e29680bed6c0ad811da8722b5ab4336b62c1e791ef9cd311cfa8b6f73c9a,0
1429,16,256,0,0,482,256,220,c18c60cbda864aab226e432731b8db6c8908364f3f08c86ce4e82a882f929301,da613677b0b9facc5a79ecc8921ea1d0c24347a9e7fc727881c9e5442be52df0,0
1500,32,1024,0,0,1440,1024,410,f27d2c8e52775fce33e3a3840ba999aa87f978cf24051686824be880037f396b,4a267cff8350a9787d3d521fdb4ed802e6392ab275183f6c84faea4fade547af,0
1501,32,1024,0,0,1452,1024,422,f83512540572eccae785179939856cb51b6be303af56f0cc8e871bda9d8ca00b,48a670209e4e3120b8f818ae5befe524ecb31cd9e0c3de5e50bac9768d0a6455,0
1502,32,1024,0,0,1494,1024,464,0b758b77a292242ca0901552aca7da2aa366ec288c9abb30d34d0f92202e2f0e,70cc63d41e0183e8aa50bb1f9177c7a59bccc63c4dfa01e2440fb68df8af292f,0
1503,32,1024,0,0,1572,1024,542,9efe78ee383df5b9e14232cb7f6cf9f6bad42ac9b598605330002ee6a382275a,c4cbccb0ea194df6994090f002f1c9d0523e0d5e19e02ed95efcdde299f3e602,0
1504,32,1024,0,0,1548,1024,518,f0b832ecae73fc8d221f8f4b0e485069d8355f2e797c1ada731dc7784720e4d2,9e44f28902371d3358f9a3ed4dae06fdbefb2c8b71453573ecd389481cc21ae3,0
1505,32,1024,0,0,1626,1024,596,68cd3b5b188cbbc567dc512ac0d7b749db5989b622b2b514262737e51b240b74,41a3516aa084aaafb4d599f072fc36d9e5b50c9072cd8e23ee1ff050707fecc7,0
1506,32,1024,0,0,1626,1024,596,d2ae5f66c5c76af7841684e5d6619e87a2a37d762899bea5b8b225ef2a846abb,eb6b55db9c0329ad64a0f4473722dc207ab9914ded1e8360adbec177d87a11b1,0
1507,32,1024,0,0,1692,1024,662,8f3302c7fbe0f729c293772788b896778e1233e1b04c68620dc34d859f534c07,2ae734d61b96ce2477ffcf5afd92496cf8e0ba03fc7b4eaa1e9e653e8a54148e,0
1508,32,1024,0,0,1716,1024,686,cb9decea3e36f02079afe84e24421417bb82198ee5165d4d8d19aba656158d17,4bdec79539a1f15392ec48f0e1fc87a0d60a82487c76abad661e16d68d71baed,0
1509,32,1024,0,0,1650,1024,620,7f960c4bdbe655a78ba3b5884b47b127d6c08f1f1f12519cb98210958f6286fb,9b61583f268706dbe3b9aefe21514c301b826f1687b4e41206d1d6f462974a64,0
1510,32,1024,0,0,1638,1024,608,3c8fa0e07de144af53c000d40e7ef80627e941ced74f65bd63ffb114185cf853,99c63fd31f3064ff45c86d8ab6bb1d9d9b97e64ec935327ecbef0f6b71b11836,0
1511,32,1024,0,0,1674,1024,644,69d49f7b869923dc028fb261444071e888692d4c1c6ff52d6659ba665a96f5ce,d0a6c876cc54b2fc73d3f7fc7d6563a0ec91dd5adba8abb45ccf26088ee985db,0
1512,32,1024,0,0,1750,1024,720,24aa0bd047891b489b824b606d459e76c34f932bce8ae27afab9952ff74ba931,9238367572b03e1caffab69cf2995d6ffabecc509c966e1d378c5ac764be9180,0
1513,32,1024,0,0,1730,1024,700,6062643511cdb3504fa58aaa85df581054643283d8368d3f4c4314bd9d620a83,15ef798a8ea2a93382c183fe752db0739f9e127e89dd7c1d64877b7bcf09158f,0
1514,32,1024,0,0,1774,1024,744,9e4e69f902669d637302da681e67b84235093c21c2873361a955a92cd35a5106,00e83b96ec458b871f6fa035adac0e6a85dc0a5fb4619bef54be23a67034b760,0
1515,32,1024,0,0,1750,1024,720,67d205d631afa1c9737abe8b68eab9f33c01647f5815ae1de009aef137c18256,97b695c2ebbc3ef8b1379ad3efe72245a594de98579a4f642c65d7e7361e27ec,0
1516,32,1024,0,0,1780,1024,750,d8e38d73024d9992a2ed328d83fd97303029c2fcd73423ba113e66ced77fc0a9,5f514fbc2e7c7ef1139fe9af2ccafb8a4a9495f16df14bb7e1b97a9ea9f51b55,0
1517,32,1024,0,0,1764,1024,734,4c1c45959288dce22d97730a6b4b51688aa419bde596e2a2889f2bbf2e2c76e9,999c937877aa4fcce8f7031c70a020436e4425082e769529ad2c05ef3518796c,0
1518,32,1024,0,0,1734,1024,704,7f1b1d63e6cf12a83f974620612ba6c909610882eb7945845744b728fe420028,eab666299edd8123efb9bad67d694976afc4e31d0cbd6d1fd5a4f61d23fbe576,0
1519,32,1024,0,0,1170,1024,140,5f70bf18a086007016e948b04aed3b82103a36bea41755b6cddfaf10ace3c6ef,867c3c6f32935dfbf90926bb0a27dfe36d7b622105d24f6db3fda74c9d59cde2,0
2000,24,576,0,0,1002,576,420,62e6b619291b1e826376879f29e9bc50495154befc48c2eb8cdf12d875c9fb7e,70c527b42120e063e2277a878760aba868f28a204f9039024b89b306f5887b8b,0
2001,24,576,0,0,996,576,414,222b474764aa50b3afdf221ddcf24f063579d253e745007bbdd4876bcc38cc7f,d8bd140a997e2dc1cdce51211a0313ba0e0e310864e6db5583eec6433899b2f9,0
2002,24,576,0,0,990,576,408,5c07d75c90402f870fa61d45f691f9249e80ffd002ed20487492bf22f2a0c9f2,b1c811ea18fe2b3e70f4f11d05778b0b8eab61530740f22dec6b3971cb0f0e7b,0
2003,24,576,0,0,948,576,366,424e5b66eebb58e35bf3ded32eec42a31478d040e68bd06484fa777d7e3b144e,5caa4268e40d839f605efa9b4e405f4a2fe1d9bf2f44df92aa42dc10d29a10e4,0
2004,24,576,0,0,978,576,396,057dc3b6e96f6b00534ba494002c52e8bc15e52327a271b748cb143d2b74b667,336f288f71bb8a3b2f185cfd143e8d1dd2c282f73d8255cef9a7900aa5b34d4f,0
2005,24,576,0,0,966,576,384,df56e5c67d8afb238401da05485af4e840d0f21d8cda05c8d601248db2a1cd85,54e07849fa8285825c1588c1e526478ba75d8693646cc5fc353e425a71bda955,0
2006,24,576,0,0,1002,576,420,461ab1edff1a5275d1edf2ebf66a674eec314c8c717f18185c1c5b2e345e9beb,0b32de561045e17ae7c1a867f6efa1bfcdf427e72273ee00c1372ea53499f686,0
2007,24,576,0,0,1014,576,432,7cd46b3b97b64962f36e567ee1de4a92c967b885b9dd310667ca9cd1aef3d956,897431d5cea2cc50c198680d6213537a157fcf554ea004d007e0d3a1095105fa,0
2008,24,576,0,0,1014,576,432,91403908bc63b68b6ebb1a8104a2e457e467fd5b88d535f5eb40d537b245a70a,52e6efb5e214a644447f31c1bb39f53bdb79e334b0638b7dc9c1c680a1e2c245,0
2009,24,576,0,0,1056,576,474,eb3a129a8d72d339449261284fc8b63338e7b1393bf626fe374bcb120a90f9e9,88ff110d104372e13a914b80ac4b966f48fc5c92dec0ea2d75f12630d183462b,0
2010,24,576,0,0,1026,576,444,9fb9426e8770b05a4da65435022823eac6b0f2a6ab0c2c75c31dffeb9ee9c1c4,3f1782df3a09b46a813f91562a6931cf7212bdda03f592edddba4317e29d114d,0
2011,24,576,0,0,1032,576,450,bb1bb95d88e6724d6fb5b5c1d836fba384cb95a862a52492d3c2782cb2d04cfc,5557dacb56f2a584ebbf0c7a7b4a96b493ba1433e29f09d86ab573dc5dd0da1c,0
2012,24,576,0,0,1050,576,468,d93a19942082e590d478e49b4cd44f743f09f0360099dd07f845500fed35aba6,80264886212525c693d725c81e0f5c25c5632923b07c5188ba9384b8290c80aa,0
2013,24,576,0,0,1050,576,468,b041e52677eb9a6e29d5a94f1578bcadfb4d5d0ff1c284c74249ceeab794f51a,3628ac8567ea2dd2ceafa438faa8cb6013ea0cd70a8bc6b26f4027a966769197,0
2014,24,576,0,0,984,576,402,4bbe53c0d1c01a2ba2ed2da95d700dc7cd9be34c08ce4ea8f78fb9141b8b6a3e,bb6159eac7255ba6e6e73ba68fbe4d1a23c745da1616cfd3527c2c29b01ec771,0
2015,24,576,0,0,984,576,402,8fff94da13654c3e14de8470715758fcbef4a3f334f3e7199759d2d145db4099,4fb309a69945cb6e631d4e850b1d796b98b09108f1dc335c484a3e21b6a03f5b,0
2016,24,576,0,0,990,576,408,3c511ea7ea456404bdf1d91fb7746300aa99efc00d866c73652fc55d9b7777eb,22551f5d2fb3078a4a9c2937f894afcb25d17ed4855bb6dfd73a563a8bb06619,0
2017,24,576,0,0,1002,576,420,fcefd83660c3c2aa4e50ed626db205c0d234a0ff8e54f8cdbeda2cfcb3951685,32dab3f32681556209d1db7ddf6458c867cd945ba07caeeb77691d926a36c9eb,0
2018,24,576,0,0,1008,576,426,026f79f3af5438521210393af5ad73f2615c9677f5454d5ed7543d6083e23a2a,37f7234d1fd157cd4794ae0a852d47a908d22500500d7c8b10a2cb08a77ac75c,0
2019,24,576,0,0,996,576,414,e603bc1a163344a7bc20d71cb79c580a0b080e827233adc495ef0d05c6495bbc,b41b6e525f65bf8237245fe04b1bce14c2d7270e4b256ccde50ee6e35401f69f,0
2020,24,576,0,0,984,576,402,27fab91347131cb1205199f762fcf4eee74905ce57444aa0bb7134c604533c06,ce8c810306b56cc4ed9593d974e17058cc3e7299b3b018f4ebbbcabae3bda68a,0
2021,24,576,0,0,990,576,408,6cf4b3b3b1370cba1a6cc488a98a1526468873d7f0b9f2864bd60157d3db81c9,7804be34dbb19872d5918fda9265f5272b3c455b7c946c299128f82822ef2c50,0
2022,24,576,0,0,984,576,402,eea9bcc44f3a8700ee8531e14362a05424d1dcbe0ba7754960650f1c7a514fb4,7c5fd386c6ee267b9937c27e9f1453d2501691f5d0712d418e537ff73194f06e,0
2023,24,576,0,0,1020,576,438,fe35c0386184a7597efadae72b7d526b3e77ac7818f9ece9247c3f696dec7e8c,dc9e572882dcfdc553bc637e552d53f02d027b0decb531f25be5ff8d2d8a564d,0
2024,24,576,0,0,1026,576,444,4da63281b4a5f782ce0d351a4d0eb3b8fd17cad92f1b89aa0a7d34d652747f97,282ace34548357684f684d2d087f52a09fb7fd0cad6fe386522beb945cc3006e,0
2025,24,576,0,0,1044,576,462,c7de160757d500f6fbef78c2cc380433944e2d543fa719c7a342b000cf659501,e70099b21a128f789e3d4dc57e65e1a5fb69f94928f78d8f9043c3764da0c1f6,0
2026,24,576,0,0,1038,576,456,8f1ad0a6bf46e21e6506ee180f10dc2a8585350b665f7575dd8ad238992d0bdc,a54f1f17dbc1e6b3d6fb13d567f55f3ee69d9c1106d672201204b8d8745dcf65,0
2027,24,576,0,0,1056,576,474,ebdef61ab8ef15c91d03b72cb1814d8ce60c2f8e3b478094825756bd485a10a5,e42be5bc62be91a63faabc4d873ba08ebb4b5953b0681d49194633f3e233110d,0
2028,24,576,0,0,1062,576,480,67c2f34c5d0d386a361c97e2e7b84b87543e21cc817834ef65440c8de20c99de,0ed56de1308623d8cd007ce823ffd82d06673dd218791e8d19ac4439d8b05dbb,0
2029,24,576,0,0,1044,576,462,c64a685c9c88353d315930d18f2ca05ec758826e3cf13bdf7b3934418e4de8b6,7a18bd6ab7cb508cc759e921f0b7563e42c90fb3634e914788b15df5eb3f0638,0
2030,24,576,0,0,1038,576,456,6aa578a82d0db518529d9872a0f599f871db88d1f8b03a15da2a5c3bcb89db47,7873ac4c5bf7cbf1cfa183ebd63a7cf4b036fb64bb81ae82419344821241e7dd,0
2031,24,576,0,0,1014,576,432,0413c77a831dd5d0e6e5c5b4fb96cb93b3063592dc3634c2a7afbd6c97f61d14,437d10044eea99685e4cfad027cb57c96d783869cc8afbc1c9c03742f8f7da21,0
2100,24,576,0,0,1020,576,438,d1dc1f9bdcd041c3a4a1870c2474b9fa0a3a97942a838a86b2a31cebcecf2b18,9020075c40bf4b21e5bd5990016a420e48b6791fddd8ea5263797ec42abf296d,0
2101,24,576,0,0,1044,576,462,d70c2dd91e220dd39147570e13dc8fcd90c266e36403cc499f002876e7f0e741,331be3b41ea200efcaa1c9f9761638b86c69f405caee8b1f98c69b23bc52e9ff,0
2102,24,576,0,0,1080,576,498,16cf29241179d24a55d8b497662ce50bb18e09d2b619ec47465fe30a67ceeb04,2b26d863f0a7db3b7a8e28478f0809b5bf7ff23bce85a34ade5d14069dd90bb5,0
2103,24,576,0,0,1098,576,516,e906268805826b80242dfbb1f28780546ec83ff3a90dd7556ce29021e25fc02a,9681cfd8d3db123a9559699c56e99a00e0485e59872aa3c213e3a08d1af61b23,0
2104,24,576,0,0,1068,576,486,b088143e474cdccb2669024aa4c963c32965c9e8e15029d9eefc6fa9f78ae50d,c78c35ef3bfded71c20c42b8b9f7b7b9f9caad15c01c679c9a0280d985c01b52,0
2105,24,576,0,0,1098,576,516,706da758649f679dc2e6713cbc4eb0a8747a22a56fb7e90087225b7bf4938ea5,77e13c5209fc4680b968529f90eb205f5267948ae321dd5de0b4bbd396c3c6fb,0
2106,24,576,0,0,1080,576,498,0096e46c64e41a2d1b6d3fb4ee18c6ea33917a7921c2f666f554eded97f6240a,1c7caa055ad7ef6fad2e2e39d8546324f47a77816941be8178ec8282ad078a0f,0
2107,24,576,0,0,1076,576,494,9f4884546b81c1fc864c1aa59c1d70f84c84823fefd5d09e5678389ded4e9cfd,a63c47cabeee23d73649246ccfa45390e75ad75106fb537e0c2623ddf5cf7867,0
2108,24,576,0,0,1094,576,512,23dff11fa7ef4c58cf8c3f72f79ebb199f76c19ee0de8ef04b10e7e54d5e8eda,383e44a736cb750b1c9442b9b14359a02f821efa522f4502da9e03824bcd5bd5,0
2109,24,576,0,0,1068,576,486,ead455a3a9aa75ec33c22ac96be05f6699f03158ada577b940208f03e2fc7ddc,d3c4a30a083a542e17ac3cbb32dc4ac8f9688426b38b4ded071bfafc9861ae41,0
2110,24,576,0,0,1116,576,534,88232e383450e90620ff04cf7ecce8bb73ed4bb257018ce2250dedbc6d0cf95c,fd25f32550a5988a8b5ca9656566b2e3924df29c6577a158c995889c3dfb8027,0
2111,24,576,0,0,1062,576,480,5be322796117bed01969c88b1695de76d04e37db6355700848635187375b72c7,739477ca623e188c86e0b18f97f19059391980b9d5c41c3a4864242101bf9efa,0
2112,24,576,0,0,1050,576,468,996778ba50057f30a418833d6bc107178dd3f8aad60ff2263d3eb045475dea79,cc63bb98dd9c138735362cc75b99c1864cb1e283785cb10c648c0e2640b795ff,0
2113,24,576,0,0,1086,576,504,14b82d2d8ff28e6f491af14ec55bc6f755bca987122c2bed58036d5a379aa560,1c8eadd194095d206f426f87a6311a829f0c5f7a8fec8b3c091a56b62113708e,0
2114,24,576,0,0,1092,576,510,6d374115ab3a80875179ff6f117931f43e82c93827b5aaae53bb4043f20565a2,5b4952d1a9c56c5efbbb5cdd0db85cb48db4890e9e78f683664d90d9aaa88717,0
2115,24,576,0,0,1062,576,480,a5d785ee098615e4278d2185e2778969a46da3deeed73fe366af4e41e9b50ab1,99efd0dddffbb7eafd7b1e145a24026883221d2416b7357b9f296a459fd58507,0
2116,24,576,0,0,1068,576,486,3666ea314244e387bcb3cf4e14121f247902b46734e0021a6c12059846f76e96,4ea917e009dcf8b8b9e7699eb09b14c4f179c7786a60bfc2a1d7d9d1025da796,0
2117,24,576,0,0,1104,576,522,49676542d4598519e059fcf7922802ad091990147977e7e9b8c188845ba3799b,dc4e9d2cdf5e9dcd6c7321174c42169874496177195931df20c7fbb1e0db1cc1,0
2118,24,576,0,0,1110,576,528,bab3e959572935f196887f34915fe037d95146e95568bfdfb0a2b9c85d728892,4eaf1f9120dd359142d8af1910392cb47f4a9aad67b55fbe565927dc55dd23d6,0
2119,24,576,0,0,1098,576,516,6c5942c8f34cbef4434f0f0e5b9b53708e0aca63a5355e08caa20c197548a590,f5094bf67f12f19fc25aa0861633d863b1c5ea17fae3d0f6467adaa58c129720,0
2120,24,576,0,0,1076,576,494,d189081d1ee09be4f29e036630999dc13c25519b5cacead7fb20a0bd21b5b324,8a97913a195717552c069e3e340a601b56febfbe524c4f472b0a190cd41cfbcb,0
2121,24,576,0,0,1078,576,496,9a58583c2af636067d2a226834038f87822afdd01559663fdfd81fccb30fa89a,e0f31545e7cbc4c4ccc9febee008533d8a038cddb3528819f74172dbb3a34d53,0
2122,24,576,0,0,1104,576,522,2e2d46f835923a5db53436faaaf41bc483e462404f155814cc80f099ea6a392e,73f2dd6697d5564f6856ce4ef5dfe5681329723085e13ecc02ab89fd38537617,0
2123,24,576,0,0,1080,576,498,f4420f868a8d49a3ddc3084ee612ca081906f62e9ed26b124a4c824c6bfa8c4c,0eb08c9f521d7096b919386f71b6b8c9fe0218225e3f95a8d0f74be8a93b164d,0
3000,24,576,0,0,816,576,234,4f7f04fee0ad2e97cb675b3cd6080cd727f8a832b1bca9c0a033f200fe6efac6,dfd19d5d40d2cd74f8785e606c04a44d7130b574d028dc0ed6691663f39c72c8,0
3001,24,576,0,0,1170,576,588,851ad3cc1bd2adabea553b3e04d908b003b3ad147f485778a5bdeb921a6b771b,5481403bb186a169b3c6cbfffc4befb913ab82a70fe3bed85e17600715ea0fa8,0
3002,24,576,0,0,1236,576,654,f540d85b0ab484ad7f9c4a633b5ca06b686a3da8bbb01eedb00f0697e36f33b1,1455628d3467c0f5b7a3a07afbff47522f0736088199e15453a4b64cd4786a2f,0
3003,24,576,0,0,1326,576,744,6987725bd3852e8028aa385a820c5a8f903bdcb38176e85513723a4fe035e6ab,fd7ad7759e2e48f8660240d9cf5573a2c970f9c088916f4aad44c97942f4179e,0
3004,24,576,0,0,1282,576,700,93d6b4ada0760fc8a2823f06957a6f56c41e3e264947b1adc7d74293312ed0f0,83405748ab68e303200efd9d4dfc9f974ce2f1d3e3cd2c1e5452414472f43c38,0
3005,24,576,0,0,1184,576,602,6cc2676b503117e3317656885345aa6f15ba458dd530a420a24d5115e7d181ed,fda964264d27815e987e4513bd1a23308b3b4c4b1ccb9f74139ed6f213332407,0
3006,24,576,0,0,1136,576,554,a3ff8c9c59d3dd9f62cb0d8f2188d758b487c7043439762ae21a6f94500748e8,583e7876d65deebb19c9ce8c43b2309f40525cf7fa6597e5e3487b454b11340f,0
3007,24,576,0,0,1234,576,652,7a712f86c3e639c88b6e2468810bb6e4b1b33024a31bbeb6fdf321ea44cb1da4,377458ab090f128386698cefcf7715b8bed63a80f99c615050f70f8872be0c2b,0
3008,24,576,0,0,1266,576,684,43b39b70411b3a55a68925efa8be256c15b550f8659579fc800ea3c5c2b9f8aa,9e0ff2d65413e2009d78a709fd743177fc59ca73a5e5cb85fa642701dcc07b15,0
3009,24,576,0,0,1420,576,838,2b56aef77e6b6cc43ba7f6af1a47f1bc61d10a5a3ff475e0d4353f8f79ad013f,acdc2bf81d2e590c7128509f0c93f1ef091cce0a5eca92c75d0f163c72cf184b,0
3010,24,576,0,0,690,576,108,1a0295f4bf5986c5f74eca9153a6a4cb10b073a01a76ba4a457fd862c78966a4,fdfef33f6042745b60ff2d3f20eda6b4b9113d9688a67ed6aac1fd3f43874c5f,0
4000,32,1024,0,0,1644,1024,614,5e6787076b60ef1de23acfcb68a364ba10881b501611e868c5c7f043c05dfb8b,50ee0180f81d4ec94292aff2cacde05591473e39218981dc05cc5c5d11727c3c,0
4001,32,1024,0,0,1632,1024,602,063827bb234f64639d39dbd4d574db645a5022297a1fabbd31271258ae682665,d8468ca68f5e76633083a9769b4c97c6fffee4427fbc6ba9c61f69e1ac936bdf,0
4002,32,1024,0,0,1650,1024,620,c932477570be6a8c5bab47d5b1ed6b9743bceec5df6987e26923c239bd6d1272,f702ea452721bc555ee5aa10f724c3d8c23d51a13f17055fbcb7f3b04226559b,0
4003,32,1024,0,0,1686,1024,656,89fb2a219e8a1b0981c0b1a201a73753deb974dd21f09b8863891488ac926d65,f3b92000ad1dc2c8d55c2cd3c15d5510f7c25ce0b42d91650db37632e16ae996,0
4004,32,1024,0,0,1734,1024,704,ca37b83771050f531a14d361ccbef345bb7602e1d8ce67f65fd71f4ff22b7972,741d38f3b3dd68e817455abd6fd656d8f462b2164b49be16bb1f6170d1976f74,0
4005,32,1024,0,0,1698,1024,668,4bf0f999292c286e266108b8191312b64fe80fa13e99f76bf11234bdcb414c31,317ee20abbcc60bacbf8ad29bb27de9085edaafcef955b8aa8b5d4a0c30f50cc,0
4006,32,1024,0,0,1626,1024,596,fc9989158cbd381ddb5f820cbd5bee06a834e8de5c84e5efaa56f707c9fd115a,5387fe17a1e884a3e68f59577ca77cca17511b6dd5f3373c56b69d92742ec379,0
4007,32,1024,0,0,1686,1024,656,fd1860a5f556eff128e84cc0fd536c82ffd91dfd7b16132cdd098a4b4356d205,7340e5a0d646fcd60302bf1c4490cce73c95ff04f5b11fb16ec5ab5d842c92c7,0
4008,32,1024,0,0,1674,1024,644,b9f7e9f6b0e5f01b4736b8badc94a8f08b6994357acdb6adee9bcaf0db8277b1,1561caad284291253a80437e4c35929424b107783a20bd3578b34d85ae2202d4,0
4009,32,1024,0,0,1674,1024,644,9cf555dbd9de166d71455774178add67b591192222fb2eb1ac5650b23bfe1c79,6907e530a047842d133d7830ea49b191ecbfb786451d60c19a6c36373769a4ec,0
4010,32,1024,0,0,1674,1024,644,b4e616881bb818eaa6a41d57bc8185aecc87a804d03877b64869cf471fffd5c6,83606ea647ec2f9f1431f8da57b41ab5f6745f3aba9b1055f5e2753388d4ce07,0
4011,32,1024,0,0,1668,1024,638,862619fd72ba405fd62d4d6c7992ca9feebcd308e19ae384ece7812c0927990c,a122532bac6985ae3e110babf4fd3e6d8b30133a397dfb2611a2b80d172bd068,0
4012,32,1024,0,0,1680,1024,650,7cf7c405469d8c4f5792e8f60f5647465fea38aab79b50c01e6ee1c201eb285d,0ab54e5401d7d23ddb7844568fbf7756f46230f8a84735675724e5b53bfca3e2,0
4013,32,1024,0,0,1680,1024,650,8c3dd95b640fd41c01feb344388365c1445b1403aa4bcccb17e42798a72139f6,5e0cf7af58ceec2687409c76550a7bf6561bddc6037bef6427f7c9262f2c6ce8,0
4014,32,1024,0,0,1722,1024,692,f8b3408db3df056aac3d4727ac5fcdad80dfcdb33602d6a425c7e4f84c421f9b,a915ce30f723fa20e3bdee7d20b008a9b8970da2aa1cb9ef58e2c7975c6f8696,0
4015,32,1024,0,0,1686,1024,656,6dd07cb6d582aa6e95a55524325e1eb4019d6ed45cfeb76b71161892ec6baedf,bde5fbaace7366ae5fc3a5b7ae283a747f14c69c79fa3cc66c465438571b02bf,0
4016,32,1024,0,0,1734,1024,704,fca3af5634d2fb161bf4b7aa1efcc5aeb1dac9e697111d767e0d742a7e8b6521,8e232829abf3d97bcb1ed0e8e13e12226448ddda3fe38a5ab36fac4c394f3407,0
4017,32,1024,0,0,1686,1024,656,32764d5675b9c0404c466801f511ca90699725942e19460bf4577a080f907a89,1aa62614af26e351e9ab77a5297663a1fa3df5fd2d3bf01339692e81d0f08643,0
4018,32,1024,0,0,1638,1024,608,1c5b04534fb6f3a5399c35611a976a408cdcf99f62403f19c3afb6dcfc3f5f81,7629248379cf21bce7d74cc3c19694e264d91e7bb2036f7df9a15d9bba852d98,0
4019,32,1024,0,0,1656,1024,626,d8014939f9f9c5b9b4950af8dedadc243d472a3a26c335ccb5fcbca5958bb2d7,afbc4315a18767874a2cf2140998ff090715cbf78d0ddb8ead8bc3e2dd01be74,0
4020,32,1024,0,0,1740,1024,710,e34269a47157d7c6ca77192b4b0e8eb3bd0579a6f310e9b61998098fb0544718,8aad5347010da8ca7e43ea51063c9053111f09187f018485fa14c23dc51e59fa,0
4021,32,1024,0,0,1698,1024,668,fa96f8d904fd4605c6e2a5281dac287de451763e66c9f184b1e491e6880480f3,ac96bf0508e607b174c5398ba381aad444a47e3e527326607a80a40399e90a90,0
4022,32,1024,0,0,1680,1024,650,69498ef3bf74def55b57753496997b6fcbeada47107442753cf5f6c8ef89ca1b,69be486118bcbce4d9cf6d3202509bb069095b803e57b6f69032822be3ce7df3,0
4023,32,1024,0,0,1638,1024,608,b6b23d40b8bd437a5d031378db68f31960130bf915bfcecbc014188ee8ea8e46,01339cb3f8b71e3d998ec45ff48c9ca977a40fe417520d7cab6ff469eade6719,0
4100,32,1024,0,0,1500,1024,470,a7e7ca85585c238142c7772cfa40fd49b605bea294295edd86a8a57e0125cb8d,3b2f67bb1904d95a9b88a6f404aaa6779de45a28a75fe4e0477b329d2abfe94c,0
4101,32,1024,0,0,1530,1024,500,261e1ea5c429a82562c1408877802d1db29080012de734736464a8c29cdfc306,9156c291be5a2cf776ac01dd64ec29d73c71483b938fa2ad51b9bdd9ab51b0d5,0
4102,32,1024,0,0,1512,1024,482,0bd810a9238462b0d8df5b18ad0c3f2b9c5359c4c9d654bf7356f6056b5930c5,9858b4ca29e8db858a4af8746d6c914c669fd27abafeb3a05354338312bc0fba,0
4103,32,1024,0,0,1584,1024,554,5e8b5b5a0be6eb73e193eed0fecda6b62bed48d582b0f228556c34522e82f442,5a675c383be928b16e001287397b3b6b388a4a8f7e7ef1d4407a2ad26fb70b71,0
4104,32,1024,0,0,1560,1024,530,52f1cc0264a1fd2bd3b11c75da7656b34c11f44953fd72804c603b876beccc46,6fc4e2e07f22ac63c7ec46c77908149221f8a394b7c0c709829dd4b47c44d9fb,0
4105,32,1024,0,0,1596,1024,566,3cf5440b9c5ed0c6b41f6d5bd29e93046ef716e015e796803cc492478cc0ae2a,d15c780db3ea7134e2bde706c350d51d2ad68c689b3390599c4afdd9a68f63f7,0
4106,32,1024,0,0,1542,1024,512,a9c24f1965b90c0ad0b3d0894e84abe7f415afbfab8e216645be706601bac479,865f060409b1c69491246a4f20482a10864c3c4750f17c5d94e6a1e074bea0ee,0
4107,32,1024,0,0,1584,1024,554,542a3ed33a2c6065ef6d10e18bd82f26e1a66aeb8a8dbb5db00d4276d4227aa2,10c377b86c1e1b0618ad0bfac07c10a6fcbea319f46d7c607aacd7e72afbac0a,0
4108,32,1024,0,0,1578,1024,548,2f51e78ccf89f3e9f28a4f21f3edf09ca2eed6bd9eaede12939e6c3fc196bbd1,677568f00e7d7c62878d74c00027a0b3f9e057209c2102160447b05fdca8851e,0
4109,32,1024,0,0,1554,1024,524,3cbe7d59e577db51d497d462a74aeb74ece0400472f2cffcb5f58a95baa725d2,a982f312c38eff9bb9ad82a07604162db6105a6d18ebe22922b58a2b53a57de4,0
4110,32,1024,0,0,1530,1024,500,c355960d4818153cdf6cb9fb09fc2b97a4db1351de9fdf740eaa82ed0d224453,dbe96a7cb96830ddb0e1accb1747e445f0a4792e819bc5bf7f86aeb752f7b818,0
4111,32,1024,0,0,1524,1024,494,86fd7b3e61228c9ffeaab243aad128707fa32c9e5ce014f172f8c5d05e55352c,2a53f0de60c5a5dd92e3580816e8464153d5261bf728c873988c237d78e03d63,0
4112,32,1024,0,0,1512,1024,482,e20763ee43783005ba1c5884580b3e6286286d5ecb7c4cb027c83aa9104b8d5b,7fa8f733ee8c812a4d290c54f06384eaffe99ec0c3c2966efb53bbc3eac5f46b,0
4113,32,1024,0,0,1500,1024,470,25fd4c7a48a83ff9837f594fecbc9e32c0403379442379bdb160bfde359d743d,77af5995e540e72e5bece9663ba213c64b70e7267b24c7d0f7b5947ce383902d,0
4114,32,1024,0,0,1506,1024,476,4232ec82660fe8dfbc87af13de6c12323c8c8dcfc20874da79b28e773c2e94cf,de272f4c6c1fde5b58907c08b07ad1e6e780cc1cb1e8e7022612cfb05f6c0495,0
4115,32,1024,0,0,1602,1024,572,33e9ff7e84a67492c7fae0a68dece41edc8ffcb63a1e3af13438796cba3506d8,224f69bed734f11f08e3ac4699309c5639e6eb86f682036b64d194eb21a45a46,0
4116,32,1024,0,0,1590,1024,560,30a51203936fa223fe766f67d8e0a31a6ff4c7e71e6d3156198731331871cd16,a8c4bc539a3c3eaa9ace94e29961c63e81096be253846314b57f6a62a8aaa7aa,0
4117,32,1024,0,0,1620,1024,590,0f8550dd07813c324ede4f3af9a6c0652ff2a1f342a7ad71ce2646cd495e1166,b8b1f0e399f4f0b921c3c5e284025fc6bda49760f97326481f1a380bf746261e,0
4118,32,1024,0,0,1548,1024,518,dd13df518b936da2a187bff6811f254dccd891c1d8aadf668c95ab8db930fe75,54e283d738b16ee17fd1ef735969ff8dfc0c6dfcdca50d448bda302c2537e010,0
4119,32,1024,0,0,1626,1024,596,05ae73ae0313d3a977dfeb2ca2be714d37f3eb10be534660ba88ca818eb77d52,6c669356dd63f560dbd354b9fade0f32b4c1cc870d5cdd64302fd4b8fa24732f,0
4120,32,1024,0,0,1596,1024,566,9c4379da0687920d6b6d2523b9b6f3880baa1f6fa2ea0d021e9408f90890d911,cb4f7c988d48fdef049ae8aad0859da32a379e92957fcdf8c5c2aa2e1402af62,0
4121,32,1024,0,0,1572,1024,542,b94b582b15ce9deac9d2c91ecb4f61c01d6ea1049a45f56004af592814d9b015,48dbacd2d1433a70d2f01a3dc78e5c92584a161958c641823365356c31a3e8f2,0
4122,32,1024,0,0,1536,1024,506,2e70fbaca9591575f16a693da53aa243328d53d01ec065412ea4e5a8d2f21574,e7cc985e481c081b837aa7682ce95be37552a576a2048521ca068046c2c5c01f,0
4123,32,1024,0,0,1524,1024,494,c0e11db2b6cbbacb7d68e8832a113db4be371796e488dfee1e34702dbff8c9a0,2615f0199c074df964e3468aad432c09095b51290de7df73cf032fc66d591d58,0
5000,32,1024,0,0,1548,1024,518,de82e5da9eba318476aba4857fff1846c634cbebbf8f93b0dd62aa22a65b5197,64cc1d7046c26b63ae142a6f8bda0b19f311a0e1a9b95b2e48fd506344405d06,0
5001,32,1024,0,0,1554,1024,524,0c293d457a5818c8421da480be3de01a77de1aef922cc01aa64adf2ef8b9ef01,1e5825868dbad8b528fdbddbdf6eaf7914eee117128b5710f1db49b815a1588b,0
5002,32,1024,0,0,1572,1024,542,9ab415077020e2b3cb392b0ab3c27465716dfb4f97a880bbdf08e30b4801590b,9f0fdf089ecd091d091932f30832f48aa802d4650c959e1649cbf7be3d64bafa,0
5003,32,1024,0,0,1584,1024,554,0d0882e60433150fcbb496e5fee8989c7784ad32d6c854342bdeef65f3a563c0,f891846afedadc06bed7e7f53b49dbcce6e7dce35dd9c0d1b544a8d8086e1518,0
5004,32,1024,0,0,1518,1024,488,f2f6410b4c72d0abad06e3ea6c91fc106b81ab343c226c98bbebcf25208c5f42,a1ea945f8d471efde0b367223f8246e11f102c3b40ca22a3017249c8663c6617,0
5005,32,1024,0,0,1644,1024,614,cdc8e5c5ad6b65b536993b2ebe5d650ca41adf9f955e882d841a4d8db8877795,8824e6d564a45d19c67fa337ccd69bdd3531ba798445c5b3ffb2f69e2f3c80ce,0
5006,32,1024,0,0,1596,1024,566,e77131795eef4aa901887abd897a68b3cd62c48780e275baddb6f0aca3cbb8c8,ee991cb9ea592d8dfe534cc638ec361a60e768fba1effc2333e09fa0e03bae7f,0
5007,32,1024,0,0,1638,1024,608,54bbb8c2164c39c39042bf9f317218aff7a64d68df2bdd9951b81c59aaeb6e47,b1efe867d8b4d88a8c0d0a4ec697ebecc4d0459f9c7b65083353fa0ba5d73616,0
5008,32,1024,0,0,1548,1024,518,21abe94018d8d4b9c96e2443e3483dce12a9f9dbd1df34b3619f321cc485de65,64cc1d7046c26b63ae142a6f8bda0b19f311a0e1a9b95b2e48fd506344405d06,0
5009,32,1024,0,0,1608,1024,578,608f7379a4bf4a8a713aff8aecbf151f62ee6aeabb6f627ba8724587d2ab3a11,d22605ce40c712d35a073e029c324593765f4a41caa454795a18bc57ebd2b858,0
5010,32,1024,0,0,1584,1024,554,05ff4ab2f25e1d241f900974920b7588bf42bc5a292ee12dca8b9c08a1aaf574,7c184c4778cc62c8b54057976a1d68083d810c1e92f60b0d538c167aa552007a,0
5011,32,1024,0,0,1632,1024,602,86323ba8291ea2af5ad23368099e5c93e77b32b7865546c766426a79eef507bf,4569563c0c371dde4916d8c0611bf9932ab4195b0d957e6e874127b4a4b5ad5d,0
5012,32,1024,0,0,1530,1024,500,7d82606828de786f8419695a4a3f07fcbd3ce7e3a9c853c289481adfb0964f3e,4f4854e45fb91921527f92a000c751809e436dc4ff8ae05331d145269089511e,0
5013,32,1024,0,0,1608,1024,578,27818b81e2a73512f80d505952460b16b30fbf0f04fedf9bd4abc92b93e759b9,ca93b94ba84396334b0ef1c4c0a576f9eb54c54d88c951644e2697e8e3110ae7,0
5014,32,1024,0,0,1602,1024,572,a5afc2de16cca7d8c784d1c6343b82a44422f5d9735c136c1e9a60877bc1ef20,2b2bb8bd18bcefc2cbd5f6fb84d6436e8754db3de165cdb5aacf37c1dafde230,0
5015,32,1024,0,0,1590,1024,560,521aace3e730cb3ef6769bf1b65bf397784b0101950d6ca667d80c65ad59903a,1d2109b48e784eccf782464c52c458087f4567a982f0d6f9771a02edec5906dc,0
6000,32,1024,0,0,1568,1024,538,3a230815bd126b4e905aeb25a06aa68ffa3e6c6c0967c93d83c9676ced11e1a5,ec069ef0bd7e892bfdc31e7658368870d9c55718390666e37b29491708376567,0
6001,32,1024,0,0,1530,1024,500,454eed15091c924a3ade22d944f285ce8f00863c97be71848ed328df6536b53d,1fd8da7cb2bcf8f50ee1204f3fce673784d4be54c827a220a08307fd6db7496c,0
6002,32,1024,0,0,1572,1024,542,44e3a1fcbbd26c93f06cafdfffd55a71f2da4f8e5c0891a938acef2c8cddc34c,9c912d21ace2a534507dfebd67b7f78518e07bc684efd6aaedc268dc52d011fb,0
6003,32,1024,0,0,1596,1024,566,9145953e9be0968417bcbe1e37f85502c8e46b366f81e3c73d2f2a52178422ae,12ce553960384daa422ccb695fd11cf7bbf4d01d92534cdbb68756f11aab4fa6,0
6004,32,1024,0,0,1632,1024,602,b905c3f0e1455ad3e4ea24e7e7d6ccc7c1576523c43397740bc2afad82fd84ce,3b11821d11628c3ca582c599998155ab6f17c31743ee65ea92244112b800c167,0
6005,32,1024,0,0,1656,1024,626,21f321ca02e3cd077008f6d498f9257decfa445aab8c5d142ee9d59862d27876,f3654727d4a405d6f3f3930a8302e6f60f1948068d02ceaa0f39c51742b50e52,0
6006,32,1024,0,0,1584,1024,554,dd6832a65f7319f53c76333a633c51a20c6880abfbdb080664f6136db99405d0,33101a0afb5085fa9ccaa7dbee227514c7f798d805c393da0f539af00d58b531,0
6007,32,1024,0,0,1608,1024,578,367e3d11280c64787fb9d14dd467406d4c78a6ea0ec24ac8a98af846c157e2e5,dc9f17c95cb6a85ee03bcf3ad8688ee999b700c9c62f603b066c7de3bc8048b1,0
6008,32,1024,0,0,1614,1024,584,d816a4a80e6e5b79be989e78795c58e90799e28c0a50e9cb58c27b302d6a3716,07662138aa65bf2259de66afad7a3504c9424ff5bc1929f15895376c23d06e5b,0
6009,32,1024,0,0,1572,1024,542,9d22b6af3c876392afe3077f6db21b22c3d19829c9ffe5b1ad8b75056fb7d67e,11424ade2f2a4685d11595d8535affdb5dbcdb99567e25ec4df37b4dc6d0980c,0
6010,32,1024,0,0,1554,1024,524,f20632613429ee7dfe044f45f582f05e4093a4befd18404f5d99f25b2119705f,d735ba6966ab83b8123c1f9ffc25ed0cb4e8a73e6fa7c77ae813b55f33dd6fca,0
6011,32,1024,0,0,1548,1024,518,60ea4f086bd8454f3fbe22f373c134f746fdd6ae0e535e23110ed73a5f2b57aa,27f9cc732c4c5b4c0a3a8c006622054f92bbbd3d95064f49b53f94da1dcbd2b5,0
6012,32,1024,0,0,1578,1024,548,8b37f26e1f824a47ac354e4e32e74f4483c8fa3e5a99fde883bcefec8cf3ca71,3e69022841bf3669128d23db99f85d54ec7fd97e2a50dbd593cdf6ca1a032737,0
6013,32,1024,0,0,1542,1024,512,c1e3f34dd47d6d3a5ee8ad0ebf5b4f5c48a72e59ad2321600793948788d90775,14b0cdfc13246fbab7ecd71f3ec7542fa36e80d502fe1b89dedf487ac756e1ac,0
6014,32,1024,0,0,1596,1024,566,b536d016395c36116c1b394370523cf979f31441278db18e6ba72dc0f5e5319e,a440abb5dd7f765f15a7707dce4827e54f89c0f20695070b5385666f4fb4b099,0
6015,32,1024,0,0,1602,1024,572,1dcf72a6648d180ad5d43fdad5d6c073940a698597d2e5ce588308c4b706859b,c03673fd00c5a7dba6f7b99b3148b247bcf26f27faf6dc579ff63d97f99370a6,0
6016,32,1024,0,0,1608,1024,578,a3f36e3a571695f43bd263b1ac2054472f52df959dd2c8b797a6b7a59ec64b1f,e5def143b5042334537a381a30a6d6089e9d4b1b389ac0ccad03dc182d122208,0
6017,32,1024,0,0,1644,1024,614,7af3217ed17d4d8df5e12bc5787888b8b9fa6e1ab56afd6a97479ff670ef36cc,519176e0329f87c685fb1c066f79f478a893f4c30bdf705a7fa9cb69035d06b9,0
6018,32,1024,0,0,1626,1024,596,f83a604b3fa60fb11283abd818dafdd09299a6c99ab11302d61cf68ae7cda29b,0c65e957274ff98629288b6d544c6b68b84f6386988b18a1053bb5ff07dcc94f,0
6019,32,1024,0,0,1626,1024,596,725fbcaae55724246f4343719d44d0c097fef8840bb2c56747e90e90c74e7c95,0b9069f13b393656ffc60859a959a0ce7c14a033b40f89a0e76ae7db65fc4162,0
6020,32,1024,0,0,1632,1024,602,fc946a239edd0480eea17930f18e5ca47ab2521cc6e105b9b815cdbfc1212894,5cae718c411b870c25fec1906d8b7bc1a10a077d0ac4ee8b7f6c8aad3cc1ef24,0
6021,32,1024,0,0,1602,1024,572,bc459fe90de4f7a196ed5f8f7abdc5c9a6cd62111554ec84e4d195f54cb979af,e046b40d34a9a019299ee57e6bbea0e8f592c365ea52cfe3fa306e23844028ae,0
6022,32,1024,0,0,1578,1024,548,dd9ca071bbf4821a02b5322f9d06aade40810b40344be24c85b2f6592dffd391,c7ef3f233578574c378738e5772a83956a47ac9ffb60fae27dca17d605202730,0
6023,32,1024,0,0,1526,1024,496,9bcb3f851d708c13aea2e94e359f8869d693539e5564337753954a826e1b60dd,0fee1ef0ffb4727be099a35d0cf6985a5c80266de23e3bc24599d928e0f5f4b0,0
7000,32,1024,0,0,1602,1024,572,dcc9c8720d83257ea33f63186eb267f2cab25e912309b4d056e97d21c5a6f57b,b903761a24860c6518e1c92924043d29e7345cacde302014d4e9c28cd26f6894,0
7001,32,1024,0,0,1602,1024,572,87a77a8b642fed3c1d721c256716330b4c04ce80a426012f597d9df9d0863da5,c8a444b15410b9258f7cdbbc537677ec9de3d12ab9fc95ed7d54178d9b58e65e,0
7002,32,1024,0,0,1662,1024,632,3f2d51b050791230eafc8365c2328a06e26b49d9bc7b72358409f44b836dae1d,beb50650056ad724a86a32e6ecbbbf23ff8c9080a99539bf98afd2b7e7caf960,0
7003,32,1024,0,0,1644,1024,614,25c4d12c060469ade11cc14cfbd6b1fe34d8575ee58f23098bdad847ab02063d,0e1b28fefb313008e08144fb3ff66ca6eb99223e10a409aafdb89ab664bfd47c,0
7004,32,1024,0,0,1608,1024,578,0f4cb0e4ef4fb609eedddd3c61fe9577af786f7469ec46ac136cdef22b99d849,c210a94387ba84537560384d10969b60dda47deccb877affaf540a2cc0d3c3a0,0
7005,32,1024,0,0,1626,1024,596,06502d27fc59f72f20fbd62a6b4acd9d8d17b0c96ecf611b9ad69828a501394b,255e63f79fd9fdef0cba5b328ae907cf989f51ee18080e4da3b0754c980d7c20,0
7006,32,1024,0,0,1614,1024,584,fb5b776e0414d27a88b9084260d60466567aff4ce219f3e929d27ff6c54c971b,00753a2450b0f13cf29f45368bc03bc26429c5ef0658284f18d205398687ca99,0
7007,32,1024,0,0,1638,1024,608,3583c4bc1190ccff6c3e772e6961643adc29aebe1b95b4b9b6982bf8bada785d,dd353e22ff916eeb86330180b0e69e23e3b7da012958b616067280be9a38eceb,0
7008,32,1024,0,0,1650,1024,620,08dea839e4a7df7ef2a4a11feed8e2324075b6462f7ddc78e77f224e548a6d11,769d07bacaefd3aa5bfb4b68efe76c4cdf75bee39d511f135514ab9a613f9a23,0
7009,32,1024,0,0,1674,1024,644,3e3ee4df6848202392f7cf56ff7131583d12915d0429c8172d091c84d447a65d,9c155560d51ffab5caa923f4917d9397df42f9210943b8c2c526849c650832b2,0
7010,32,1024,0,0,1608,1024,578,02aeec1a8d8a9395495f89ca32a77a760994c9dc71542c50b4b4f35347ca92af,867d8dc9b011dae153eef51a5fefdfddb44423c43bd664afc1a7c1346ca5ab63,0
7011,32,1024,0,0,1620,1024,590,072febfe8eda79eef410f6bcff310acc596583d3214560b8c982037da5709448,22d15b6dc5a718e1dafe74aac97eaa6c279e709ce890187da443cbd3913b7fa1,0
7012,32,1024,0,0,1602,1024,572,35ba825944051be2d7dbad4b75cc51b7e1962ef95e99c31752f8cd76bb3183f8,401d677172f634e26830c7ccf93f7a62eaf07cdcdd31678d64fab10d8b628b61,0
7013,32,1024,0,0,1614,1024,584,d50cff158c2e94a963007a7521b5da300a6aae5516127638d1a7efc6663eaf03,db00c97a83d208f2a84bdb6820579efef4a9b2782d9bd27d0f51a936825a1f3b,0
7014,32,1024,0,0,1638,1024,608,5d6d6b8e19d2e8ac429cc3d25bb9db5c90dd2cf13022d5ee3ceb06a5439bb39c,fde604abcab532976ec0d7889a62a689beb96509185dcb7d35a5d2e0cd2e4430,0
7015,32,1024,0,0,1590,1024,560,927212c6aec59c3b0c31c13084bcb63047542c1117236cc20ad30499752f63fc,83cdb16ca81d2a57e08f82d75a6329369f39b6e5e1687dfcb3ffd3d3c9d7f63d,0
7016,32,1024,0,0,1614,1024,584,e0c7b1945ba16bd2be8a569fa4d3e564047ceeb74feb1f344776c658200ee282,28ef1cda5a74f0cf86937cf57bd6975c009899e4cb33ad24bedb5f6fe51fe26b,0
7017,32,1024,0,0,1644,1024,614,ba1bbb4c5b481708b19d354d27bca5209584288ac98fc1ceee64aaa3f7e6be42,47833937eed36709445ec68e4ce3cf49a5bddfa5e13bec32c2d0c5926f9fc8f6,0
7018,32,1024,0,0,1608,1024,578,fe3b72ad9ec1bdac094b2eb8059bce9fa18cd333d3c23f19fb6226a9c9cea617,9e3cb8315924d536d9aea492359b19fd684d7d3abaa89e787bbea1de4b36a622,0
7019,32,1024,0,0,1626,1024,596,de681ea7696beecc623ef8ba7317279a01cc21d386526de31f2df7421dbf31ce,65ecb5d55a3d50d8a1504ecdce003ba8255a53807828a86d9a287a1715681225,0
7020,32,1024,0,0,1656,1024,626,aea606387c0fbd2d45c03f4f54aa36db52559fbfad3f379b7370e7c696b95924,765a80d9ed073943b95baa07a073d896597b526005bf9f60138934a12f8a1a97,0
7021,32,1024,0,0,1596,1024,566,d2ec66ee4d203eaaaa1c3153d89eed001ac21f7981a07df0b6d319334deb9d33,644a0041c78cb234cec3ed284c4da9ed8b23245c3da530f1b3d0f6f1c078ae58,0
7022,32,1024,0,0,1590,1024,560,b18a415275f5cf1491902eef00972223820fc1dccafd6400f0e4ee1f49f91471,9984c0362bd78550b55dba572982409e47ca64389946b67f34f39df250758962,0
7023,32,1024,0,0,1632,1024,602,40151c2b26812dd4991e2a96e1b69097c86e6e65eb0dde9096631f7173c3201a,0ddf195f1b9d64eb90b79e6e0b5b03cced6c39c2d317260a9699dc456930abdd,0
9000,48,2304,0,0,3244,2304,934,74b434c66f968e95a272da1f348ae6bf32e4a8c74cbc8b1482bc55681533a4b2,53316ac61106fbbd29db168d27200fc63f763e32a7e26d13bc41b1917e6cadd0,0
9001,48,2304,0,0,3244,2304,934,ec42942494ba3cd0c61cf2d73a1bd239679908e9aafdb1881370d339a725ded9,e5cef5ac8fa3b38a4e088519aa6e1ca18840fe65ffaec0962f484f1ab7ab8aa1,0
9002,48,2304,0,0,3234,2304,924,9ee895ed790f37f81f405ed6504c19c24227f16f23ce446e4a4a656e10672e3b,a8a08fc1a3fb4316cfc5b7a720668bd8c6605f074c6417db33ebd71510930cc6,0
9003,48,2304,0,0,3244,2304,934,10ab277f22f3bf87350146b51e897daa4efacd73662c28e54abe5cda2c55962f,2f230047a7adf3f967b6fa6b6eed991889e17e8fca85c7c2e8809da4ea0dbbc6,0
9004,48,2304,0,0,3242,2304,932,d4c0782bd26a2b4a88ed3e7efa52bc907ae3a58a8cd11d38113920622f35b79b,94105eeb6ba2ccd2056fd07ca5063c31cce2aaf3a2290960eaceb804770dc0d8,0
9005,48,2304,0,0,3242,2304,932,332b98254e7fb7979e99d9668e00a252d2c7ceb5bc10af136645ce4d393cae89,ea0b0af43a583e02fe8e3a0a045d4a45826f14c5b01b7464ba0cd7fbc933ea27,0
9006,48,2304,0,0,3238,2304,928,cddf20cd02da7833cbf1a92205f99b9ca3d14a9de80ff8d361b9f2d3df253ae1,58522ec137e5a1817b9c4003ba28482564a661b0fa77bfe28ce329821f831826,0
9007,48,2304,0,0,3240,2304,930,f4185a301ef294edc20615f6de8e39f593d77fa44dac680ed6ac9683badcf9c6,ffccf5234981dfe670f5c2e92f6304b01b669f71ae0a88a9ffa7434276d21b85,0
10100,48,2304,0,0,3246,2304,936,e1e9c612ce8bd2fd9dacd81de39c32bf33976d4c9476ca4a2a2de4d0241a1167,a3cb225a8359a87461caabb16e883c270dbffb56db6a9a3f5e93a196c2dd82f5,0
10101,48,2304,0,0,3228,2304,918,7a9f01bca36ac221a8b053ca4895733cb1ba263f4c7862e54a1cca755bc1f881,52222f65a8fa2ff751969f2a523d5bf7facf55cae627498a2980041f3d7f1204,0
10102,48,2304,0,0,3228,2304,918,4ec26e4671a0e6420acd12f76d1608d3b1431a6326b8925ff1ac6ed545e7265f,72a9728419ebf6e32e6760c81258d1c9648f5775b228fe9c29a865e62672180b,0
10103,48,2304,0,0,3222,2304,912,1016cae2dfa499743f030e9c33ee43e32b30fb9744e57fe89258417834917a10,908cedc06657f26b1f88008019adb050b0e3c82b7118c20882003ed7b8661d4c,0
10104,48,2304,0,0,3224,2304,914,89db50c3a9d8d0a192d94ebc78c4a24c46a21dd5d8ce6729f065060fdd957d4e,dcb444ddc60e6e8b0452f9b201a361848c10c6795cd8ce1049f20827d8df3647,0
10105,48,2304,0,0,3210,2304,900,fa32020ee14f603606a3e317e54e4ed3c604cd7d16996826edf5f1eee0a3b743,e90535f5094a610f25fadd1d85ade348c8ae75f42bb4f67385d0ec2e19db38fe,0
10106,48,2304,0,0,3210,2304,900,bc4d002886f28a79232f558e87281b818dcd95470b92e88896e3e390d4f5add7,8d2bb41082d5821cf0891aefe1eaa5408a7cbc167c4e46c8adb0a0d2369ac292,0
10107,48,2304,0,0,3210,2304,900,2703b23f0a163ed3ef5f80ca7d688a185ecd3c3db6a3be365b03ce37e0569ec8,d9f63dfa844348dbba406c897624fcc2766e3380ee47125d2329cdc7c2895eef,0
11000,16,256,0,0,602,256,340,7fad96827dda2429bca921668329008f57e3e1eb4e9d76a018192d201a8040bf,c2f86b240cafd4a7c9c63d0efb8774a7735a1d3415abd757bd0dc741fff426c2,0
11001,16,256,0,0,630,256,368,99c5105f65506ec9e00d8c75137373faec775dab7a498fbe833edd2f2b39b41d,ce29d962e8a1dc7d772f83d219a125073c0e6fd88a31f53c017946b6ed877f32,0
11002,16,256,0,0,614,256,352,858e1c902e44915484d33da4b92750b86df5493abbd3b5cac931c14b6e722dcf,52740315b1d69cd244c7b6015218440ac8e8f9c61215a597239c7959474f7e0d,0
11003,16,256,0,0,580,256,318,81d71dd63d0e4df1eea2fbdbd786232cb7e53ae609f0f7f574ed9f843bad408f,1bc5ebbc5e8a1e573ee7c389cef4ee9a916ba87e1eebe81a00dc611c713ba617,0
11004,16,256,0,0,578,256,316,19ab940ae69cf31918aad2e803fcebc2b80441ab3004c56039183a8318c85cf6,59fac89c65cabce07caf05b6039d1e10d3e4493086f8fa29d97b6e34a5b50851,0
11005,16,256,0,0,562,256,300,29f84e2a1afc240d5be7ae9f401b4d0ce2b28798cec07c8a14eab06a1bd1dae7,122914176614fd126ceac591b879b17f4fea0d291c04391eeba4eac069165c41,0
11006,16,256,0,0,580,256,318,cf908efe2a7007cbf32dc2333fcc79b3a35341c75782e0e832756a39a0262032,fa08ce42ce059f3fce2e41f7f51d7a909d481d14db0b856cdf2a592338393f24,0
11007,16,256,0,0,568,256,306,2c74b7a0f3ca63cd87de9b911f6170935d9b48a7321c12f68c2ef480bed30af7,8a05fbb8a53d628d6fddd5b99e43a7602e990c6c6128548701ca95676d7541ee,0
11008,16,256,0,0,526,256,264,d7dcb8865832bcdcfe7b3535614ad28bc55e9659d981d095c03b478e3e3c509a,8f8f26763619432afed924ce2be174ee68484cf4b30409e2ab6654425ccd604e,0
11009,16,256,0,0,608,256,346,3ade5f2d0cff25e0f1233dc500e12c2a53a86e45f85ea7b4c87d84baf7b78e04,6d2667bfdb6960d17618e6be3036276ba142702f9a52a6583a598c133a555762,0
11010,16,256,0,0,604,256,342,161f9a3266f46bc3d3ba14d99ca2c02ad14324eaebc970da28a175e85c81445a,a7f583d67ec7e87477c326abdaa0753c863b44ca80feef33dc099160b0466596,0
11011,16,256,0,0,626,256,364,2177808ed7c93b9443035cb9387f07c21242d1bea45176a2b366c520de15b6b0,b3ae3a611adb5987c9019840736d88f8a2a26a752a7c06851e506ec80204eda0,0
11012,16,256,0,0,590,256,328,f4045892f9995e44bfa1cd4bc4246e423ce0c5ca5eafc38a5dee8669f53981aa,cd734114c246a1eae55e53b9d6ef3a870a49791304b4d324aaa1e84af674fcea,0
11013,16,256,0,0,618,256,356,32b50e7cac872cb98173c8b4ebc6929cfec42fd72abf3d06fd54ff5829ad4259,5cc53203f4a6cbb4ef01f3649baca53719361fe26654a8ebe1a9a015c68e4e1c,0
11014,16,256,0,0,606,256,344,51f2fcc3016a1fee99bd5a907f0e9fd4925c3643d9b8a1f3c2179ded9f4e6309,74c52b7ceed89b6f434755aafcfae55431044ef06a4a2f99a1930b2f42117a7f,0
11015,16,256,0,0,612,256,350,130125fa2bc6875fcf82d50bfed1b074f28ac5753053016e7dd454b7657de859,35b14ebf7c1ceca4f41006db4665088f8f4a6334f7686b75aa80db52a219e807,0
11016,16,256,0,0,566,256,304,5d8c6b7b12f9027771edee721a09bf58c81ed70538d42cd78c668b483ecf7d7e,1cf3d05d7e779e9b1a27b120da4e89f2b89c006ec32a647024916ec982406f06,0
11017,16,256,0,0,568,256,306,ae9904e989a17914188f78c03b78b4c730526f3954f361df4acd807cfc3c4fd0,21b8c45ec210b9c9151b0f04e63547238dbbaf2f3b6cabb7325b670029086f95,0
11018,16,256,0,0,568,256,306,bd254b933e89d126c9865efc571a2e72933c0b1f82643e8898ea8ffd72c35350,a7c6453423caad1529d7416cd4640c2588c294d04a42aff27dfcc8be5ce476a9,0
11019,16,256,0,0,592,256,330,012576fa755d71e05c34b0ce03bbb285f2eca84dfcbbcf9ddba69332675ac087,697e2f81467441ec04c35830b986e74b390c0ebb467370f27f2c9f0bb5241579,0
11020,16,256,0,0,526,256,264,fbce1bf41931ad1a7c91b047f7916b862b525d4eb5bb831b43093f101c95a94a,6153fc566013ac96644ba63b8a1d29ae9c615afa0d2b5ce667136db45db3dd07,0
11021,16,256,0,0,596,256,334,abe7a0349cbff47c62dbcd2157ee1227f6bcba792b6dbad42d92f229f51909d2,8dedd515960b0b6486c0257fd2846143b1984a4c4f829b5cc7836e2040113577,0
11022,16,256,0,0,592,256,330,67462e832340424377292d1709fc57c8b8aa4de2444e08551d99b0f5af009c4e,0521d222283906ff9ee3efd0c4ac8f354ac287642838e516b42e22f7bfc9789b,0
11023,16,256,0,0,620,256,358,9d4dce8ba78349898e31854d11251e3ff5c053aacb58be841253644591a08a3e,22d0f02492c873b8d33e5127988181317bc86254e83928fa85f7c47301faf19b,0
11100,16,256,0,0,460,256,198,6759208d37e6fef4ec2dafe50c4b1e68620d405a6a1e8ae0df73da5bf42333d0,3a06855228232499958ceca6886c52ca1ec21a6d2f18825c49d9e757eb9ae435,0
11101,16,256,0,0,456,256,194,79eb6dde4ecc05b36db4d08c4ba3fd66d47fc655cb70dce6f27ac841af2e5835,c49a01f07aa6570a5ec8c20e471a2c214c404e41dd1e0fda9050421cb98fa17c,0
11102,16,256,0,0,514,256,252,a1426e6963fe0b713f978204e27fab4e58d2d862eeadff26ab14b1142fdc0da7,737b5b62f1dfd78fe19b8e45e4e88338362402c7844e5bc6fd4ed941e39338d3,0
11103,16,256,0,0,528,256,266,b4916c51a9a9617f8820cd0c05fb8a8fc58eda358c58fae26cc5cbcdba4eb89b,2eeea6c7d302506ab227ddc2a8178194835008f2c2df46ab6926bc6cf855d363,0
11104,16,256,0,0,582,256,320,b2fc23e9f0171075be3a1231942bfdf6b6f6fa6410c1c51c8e78249c35b77731,c8886954c7c39c3726fd9bfed678c2ee0af6b5326d559938e6e7aa22087111f3,0
11105,16,256,0,0,602,256,340,3858e9c32c75ff04a9540a7f95490897013e49f5bed61cb1a957210962d0ff5f,ff06060a12a38577378bde0f585a3fc96f12322930b915c7beba294d4743f4e7,0
11106,16,256,0,0,584,256,322,85a7887b3105978b1a869a559d2129b700b4b8cdfe4392c70008226d634e6137,e46427492ff1e6cf24b324f0f579823a86dc2a313729ea52f805c22f111dd123,0
11107,16,256,0,0,590,256,328,a754fe98d6e4dbb05ae9028a631043dd2719421a087ac0ed300786608eadbc40,4625b3662c3cc415d2c0421c40262bd56579422d00a926e9941268f2267c6186,0
11108,16,256,0,0,566,256,304,00cb4df51701d2314638ad60982d096c6cc02d272a77cc34349d4dbb942d795c,131c61c5056437f98a6e0cfcd1dd0c9edf7203eb220151ea98a93a3c2899a5e4,0
11109,16,256,0,0,544,256,282,9086cfd17916f66449bb6af80c0a562da1f955c5e60d684dd7e6d78391b83dae,3080ad22b6aeb464c5fb83977368e4dba3980d23116b761ae7b7305807f6e2b4,0
11110,16,256,0,0,522,256,260,8dc46642eed690d8dd50bbdf016e02732c9a9c69612d216020db3aa805a5c512,b434819c02fb0fd546d6d18014d0c565eb6c9634dcb3911cd77633fc576ba496,0
11111,16,256,0,0,462,256,200,e7a0a4d582c23e7badfa60869c367aea9573cb9946281b2847eb7517b105ecb1,9227298fcacbd7e759c717a5cec9c188a9238735024b736d6d6044dc11cbb63f,0
11112,16,256,0,0,462,256,200,32ce5210a2d0f763ea10eeb865160c87fa5d0eb1af40cf792d31c3bfce241d56,15d55edd76ddfed7bbc0bdc397fd88e0702c00ba003a25339af6abea6fb037ab,0
11113,16,256,0,0,510,256,248,0c5a25aa42d50d92004dc17ff6d6326db64ebb451f3b975566ff6d71fc5e60e9,14dc462c1701c672208a917c4b51ba5b21efc9c12241516fed73799e41d90d64,0
11114,16,256,0,0,546,256,284,db185b037d1897a1217dbccb162e99e84678baa46e838cff403311778ef759a0,8189cb152e987e2d3075f83e5cfdfcd48cb7cdfcb0aaf78c9b4ecc34c8fd0c33,0
11115,16,256,0,0,610,256,348,0eae6c878d14add7df5da2178e5d16b388736c6d3326bb3521d1dd02ff289ef8,3dcbd7653e7052b85baf8fef75a873c493a1d1e06782cab00d95bab9e367833a,0
11116,16,256,0,0,608,256,346,43c161ac21967322d2efbb3307746315946b0a92e667ad4549db9b7e72ad0eb0,8ad92c193666725ec5fa74235f2d97293f43c48fb767d2f00d36fa3c89ee5ded,0
11117,16,256,0,0,620,256,358,c09860ab77f3cdd4fb9f22ba6b32bc82f38821f59ace02715b16afe3cc618f63,b0a55e7fbbef5ee947c00b835fee555b4d25950fac257d39525c54b8cf140860,0
11118,16,256,0,0,590,256,328,84aedc7c7448302b5349629f17edd39eac4ae9a95767106e33df7467f702b33c,91dd85a50e006822c2a38420ffeeba963d1f759430362a1e3806d638bf50e979,0
11119,16,256,0,0,608,256,346,6232b077317f6220b241fea33456af56a3aca63ca1312bf2e6f310433b83bc9e,a79c575aac70671ca7a80976599a7cff3867328e941c0b30fcb9457cb4ea6cf8,0
11120,16,256,0,0,604,256,342,c09d352cb11997f95918d731dcb6b50ecac286c4f8f97c89e37d99bdcebb0dc4,f67d16c64f9334682090e3cff7185579ffa1027a14df3867c6c3895f7d959a98,0
11121,16,256,0,0,614,256,352,090bb3d64d42232cbe2a8611e508aad73f867b05b9bde6a4b376db406f00cfb8,a7aea1ea06bb4b1eed496b7c7489c568ba97a2b440a0c5908dc28c654e8bc82d,0
11122,16,256,0,0,540,256,278,bc3895bf877b6e1ea9f8346fd4ef90eb279130732b9deac31483d9675886db19,2e6021cec678c12afe632280c2a344fc95b378290645afccc2c332e00549a7a3,0
11123,16,256,0,0,482,256,220,765ab4bfb8841d19bad0df555ed2b32980889f650f3ed19c6d14086d0a6abf87,ac9e2986217b324fb433171b4c940b1796ae148470bdfc9959c4d3259eee032b,0
12000,16,256,0,0,520,256,258,0d791acdb707d0bc84b7e85a7e617d801ea0fe547acfee22e95b0e7338a4c108,607a8b057ffa123359578ee99c6404b3c5425ac8c4951655e4e0f9d7eb40a029,0
12001,16,256,0,0,524,256,262,3426b1addd93d887bed3b208428c57d881e13b674e4c97643ffbcd4e56061aa6,df20500ceca845133eae2c18159a9df36c9e583009dfbc1573607d13fae33b1e,0
12002,16,256,0,0,532,256,270,367b660f1a994886afaa3b51dc24f3011b446494fb643750ab21ad26bb4f46d0,b50b1eeb3516cf86e23c0b5f60ef1bfbe28ea814173465ab170bff13dc6bb19a,0
12003,16,256,0,0,544,256,282,7c6e39fa1066cb56042ccdd5ffd2dfd04d30efc87edc2370568fb9b53f2251a3,401dca7a085a7e5f912b1c14bb17ea95d19b996c1104469cdda250e576d0e413,0
12004,16,256,0,0,542,256,280,4dcd72c071f04ab071c342409403393253bf0ea59fd03a690039867f004e3acb,28644108c834e460f159a2f9388d2a66ce751b091da952944226220a7a410c7c,0
12005,16,256,0,0,544,256,282,e238920c4bf7c15c2214debd9d62295bdd9f4c6b33ee54abb26a0d75093f75ba,4e209959900320e893b3ca4f1ca388aea4b5807d42ce5e5c5b13fd527d2c575c,0
12006,16,256,0,0,540,256,278,181133ebe72ec22233a51732d46f3fa6208e42c9080385a1065f428b9760922a,75e2ba92c02692278ee65e199d49fd9813f6c69a46ba3269be58d5822a96295c,0
12007,16,256,0,0,554,256,292,4a93c6cae331210727d7c43c2147d01b7f5187efb86ccfc6fdf3b6a908031f88,9d8fdd07f017b7756cd004c39a46d050fa8f3c27359e1a9b4230cde4d83f2aa8,0
12008,16,256,0,0,560,256,298,cca4b9609180eba0cf3329d4942367c06a3b9a555a54cc7fd7046437003209cd,f77e64f9e95b60b7d5faf53c78c9c78e1ed31f3df217cc6552628ea74c6b74a4,0
12009,16,256,0,0,536,256,274,564f431c598c531e70d1f908b4c8f8412768f32d71c0b4781433901bd4c0fb44,bc024666a07c3b33d359ded9393c993c0259189bae90bb5eee86300fb1738d2f,0
12010,16,256,0,0,560,256,298,1b0d0ba864e3bca5e1387023fb9fc5a06b52085931274ebc629c2c4f27cc7234,a920714337c35f14491946623ebe89c874856126b0511e68ddb2523fa0a0c92d,0
12011,16,256,0,0,516,256,254,abf482bf35225ce9d38e024d0735007bc546a3c347d457d95e462a1dd4e81b04,fd0368f378bad1c3685c18323aad90380fe097347140f4839cd7944e675ddb6f,0
12012,16,256,0,0,512,256,250,b73ed6a2789d3500adab3839d220073e82b22e112e7b2152ad74a18a53000a17,e64663db167153e9a8db03e886d8edd89e882873a2e3de5f3a82e1cdb5c7f8fb,0
12013,16,256,0,0,536,256,274,08a0842116c0ce415e4e0af63905c561c6d72582eaae3124bcf05abcc0c1562a,5add2b5979958472802bad16e65af4b1142dc59f1b07ffbc335a094646ce5ca3,0
12014,16,256,0,0,540,256,278,66ff83359e951383c3e8a21cf5aa78b2cfc1335e695264dc988d1b550ecb1b7e,1c317080bab81e3d006d1ed88658a41148e8888c0016542da1234234dc09ce56,0
12015,16,256,0,0,536,256,274,fc2e8415bf4715417d606a09d16cfa16ebfc3f13f013229245893a13384c0389,4430d425d820c8bc03cfaec1fb3c21f07aca8e62d2bf3fb659a05443e95e3f4c,0
12016,16,256,0,0,536,256,274,ee3f54c7d216dced43990ceced3d68cbe3af1e1d2302feaeb1ed13968339e88f,a54993adb1e19cc3c8affec1dcf55137903cd080965c64979f9703f827cbea32,0
12017,16,256,0,0,560,256,298,3fb8c12037c3f470088f541935a0f2696a988ebe0e515e93822f69866aafefc5,bccbbfb32887d1f788044275683c99b96ea04390d2bf49cf0aafc280ef7816fc,0
12018,16,256,0,0,550,256,288,aa37ca83303eae193bcea47fab8610f2f9cf18d6bebf52addae2bcecb6f3eb00,bf1c5050d8157f099ba6e81c4952a06a833cabe3a25f317b554b64c21dbeb216,0
12019,16,256,0,0,540,256,278,4ee0fd45362aed3509c731e5c70c6c931928bd4fbe5a9beb7c33880a4ec9b799,eb964432dd4830e67fb6f12001c72dd020540139e9b96b823e02f6b3b6c3b19f,0
12020,16,256,0,0,524,256,262,5b7cc93792b5f9687cedf1afc6c75d8349de39f239f2150ecb00b26960f47bcc,d696ddcb5d05d7de3a92556ff9a66ae14362d686cbb7523340d49dc86c3d416b,0
12021,16,256,0,0,522,256,260,6664a067237e9d584aabf60a56f3a1dc9991d3e1bf7cccf7b82c4da684d04c84,b8fa1538c39546d849c81e358c6008b9f72eebf78ee13de4861fa249a5f8bb7b,0
12022,16,256,0,0,516,256,254,0262e63e9dc887a1aac183f90ba812946b6dd78181e2778bbbc621944865dc44,d3c0dc5db7c6f8aae01304099ca08f32fcf6b880fd3e8834dfc6c4090bb510d1,0
12023,16,256,0,0,538,256,276,803248d5b839f3cc505d53b57546fcb452898389c368adcb3326c93e37cc4619,f2845fdf13e1de67066c6539fe01904783ef62357388ebf781725451675a5a14,0
15000,48,2304,0,0,3300,2304,990,60e1dad4674f6bfd08d95b5c740fe232ad7940f7734cbc18ed34bcb1c4f4b844,2cb8134b68cb4e2866b9e9b2a09f589bb8183bfbc90ee9fbd4cd76a38e5e6f38,0
15001,48,2304,0,0,3276,2304,966,166663fe30702cf6d55f9b88320051d809d8ae303dc8477e5ebea64ba2d468f4,c323523eac7a6f5a6e0308a3207dbae9fd7341ea2316877c09cc5f420abccdf8,0
15002,48,2304,0,0,3270,2304,960,3ce0dda9e5fc69756348dea81c8604355a3669708da215c34d80918eacf2fd5a,4de48baaa979ecbd97b61a63e5e41cc49095677a086e05f8ce2cee73b21d1902,0
15003,48,2304,0,0,3288,2304,978,38ba5c783a9c88d9d1c5f671589cc354371fe05db4e17701b024c2676c18e898,0cc328c4c9092b6af2e58d79aabcaadc01c8632646b0dc6b93c12509b73477a9,0
15004,48,2304,0,0,3266,2304,956,458754026a8ee4af44942af710e36292fe65578c297da553973e8b6b78e8184b,67a1b37ef8ba835f19ba3e49578b7c7bb4ae9b307277455d43907945a20d19f0,0
15005,48,2304,0,0,3258,2304,948,7a748c2fbba6c19396fef5c6271bf799ea35f077e6afbf9c7c11405c95153582,fbd3eb9a94c51714fc8d0c94e9e9a2046df7f834aee4e49c7f9912c25e7cf082,0
15006,48,2304,0,0,3262,2304,952,198d7cf81a26e32cc7f35dd8fc99677f0aab45aeb9a33afc57eb160c9615682a,b6726e5e5508a9b890452e0be7e18b690247c29967bf0b9e55544f7430a2fd14,0
15007,48,2304,0,0,3246,2304,936,28818c5e12c580d597cd4bd3521fb8eee83aba80fa738a304b1ff7028c468f4a,ab783692b519b09ffad06c911c5fa4a053c87ccabe57418acfa2b7417eec206d,0
15100,48,2304,0,0,3292,2304,982,a0df3950bae83caee08745f1fd46bebb57ab1b640d362234dabd68b72d722a6f,2873b79f1a507c85c5b7804694e38b4c8d4e7889fae5ff2af825aae6722d7775,0
15101,48,2304,0,0,3286,2304,976,e48886aaff6b546ed61b6bb9280bcf0c5ee46f76f87e3c5d81965f89710df07c,d4c241726a1e304e510105ef2ac86c601fe205cc1687ce3be9d10462c8f1094f,0
15102,48,2304,0,0,3288,2304,978,e16a44f934d4bb5c54f40bfe67917e338507b5aa08b70886b34e681302b8dab0,787db8fd582b7e2c1c51ae5a536374913f07dc491a97f1c1b01a46422a216395,0
15103,48,2304,0,0,3310,2304,1000,b73616130132858740b0fcb097309f45eb301e5904a1e2731285227a84b3dd25,f9ce41212f3d41714831358f658a5e55cd190dee6c88998a803656fb2764e89b,0
15104,48,2304,0,0,3272,2304,962,d91680191749f06dff3255218d4332a99786b08bd6b2ae6ca04fcad15d5d60e9,c27c1c4c3a97b2cc0b22f758e9418b8258df1e7c89679b12ea169a5865b5b138,0
15105,48,2304,0,0,3290,2304,980,d6308bb015db45e363cbd19658ac242e2f4a766f7957fd919d34ecb71a3f8bec,c1970a7e763635935e6547a8f9423846968043961688f582a57b6778cf1f7787,0
15106,48,2304,0,0,3270,2304,960,61e74bed804f30e4033327f564c3b733a43476562831c8c983a9bec5a03b21ac,c094e87f43f4e3204e6b934b14933e8418dd7a69fe8821873f62a204b3897d98,0
15107,48,2304,0,0,3258,2304,948,13cf939d9a3a5ccc1a6c066894cf47bb127d67088b0b10827a68fffa4da7d70f,a762b95aab8c55cc316971e861bdaf97617a7ad67cff2c72f72a3d7b99b4b5fe,0
18000,16,256,0,0,458,256,196,0592b7f9398d3f7654178717692e0e8eefe8bcedf1bd27a889c6ebdab13330be,64b8c5a86c91c7b17d946fbffc714c0038382df940e0e455e90bee853f08b212,0
18001,16,256,0,0,446,256,184,2a5a08feadfd68d62f2038b0f458890ed3939a7a146c82601c2d8a8f0d9e7f4e,5bcebf81cf64e17d239fcc4a442eca6c7f502b8e32738dc826782c0c87e3e0c6,0
18002,16,256,0,0,452,256,190,de849bcbb33b189a011a78890d31b2e9476d2ee72451fca0e476e959b01e85a9,798f8321a857f7f0b0162911aa04066c1e64d8a1d22a5a01e99189b926ce6292,0
18003,16,256,0,0,476,256,214,4243ec4774966495388b9014f617bb99098bb4f9e9a4e05a87362064009713f6,a9e4b9fbdef640a4554d694733b69dba3ebeef1ab069cc434b771547b3f1e6ac,0
18004,16,256,0,0,512,256,250,181d5d4adea2393b0447add011344ab93ff0fa6e2a832e0547f2f737d58cdf3c,d7f408944c9a0425b05ed84cc2faa8e34f54bf125bd66a27c083325ee1e6be8d,0
18005,16,256,0,0,530,256,268,c0f70e771bc2dd8b25ba3f2d313f2b3f019d5bf9ad8797861ee8afa3cdcad526,c3e060527a51c60208dbf3945a2db7b061d121d5b9737b4c3e624309266614a6,0
18006,16,256,0,0,528,256,266,bd2bc81a848cba33080c9f598de7faa5ee771dda55cab2407a441d8c3de873ec,ea59ac56bdf273e7b610101faba0979b8cd492a4a4e06c955250997f872d2745,0
18007,16,256,0,0,548,256,286,e6d12a644ca4ed4f25b24504cb8350d9170c2f19047e4e820ebb4adf974dad41,08412968d263f33b3793a9692f6047f433ce90a1b38999ea9971cd439f8a66df,0
18008,16,256,0,0,546,256,284,d3c099cbfeaaacb1e0fa7dfbc0e467254a2bed2c1500397811b052a0be374886,83b09ea632f18ffa5c60cb3f26da800b747af7a6feab2d32bc9cbd3f1d57c287,0
18009,16,256,0,0,566,256,304,21701135ea845a58d9d44b07f3da56c0ebedc2cf028eaadabab333875f6ff3db,2bc6c8d6547090c46d5a1d5f365aefc8327a95f167c342745d8222958bacea7f,0
18010,16,256,0,0,512,256,250,52dacfe1878fa8461af8a14f45c11b4d9406afa89c08d44c5ec0406637bc8b4c,ddb1299a768511815a9a837f0042898eae96c0db2fd7a5565f23745db769259e,0
18011,16,256,0,0,500,256,238,57b61c2a656224994b5c57aba87c71073d330e40f15472ef2678904b2b60ac2a,7cde14d37f5642d264f2cca9c5dd5063297f374f83e4d772efaec52991c5baa5,0
18012,16,256,0,0,470,256,208,7d676e6aaacb0f888147e2e84b4df87f9509ce1bda30f43462d2370051e77f43,7a195510c0c8c8d835e35e4ebee187708c386ce90b51f30abd8c2fc525b7143c,0
18013,16,256,0,0,458,256,196,449c0de3194fe957cb057d4dfa7c4bf589bec769777057dd1dfe90aabf8b9aa0,e2fd54aeb6632d68d9f59e9d3a40f762dafad41b1706a7f8b648a63f8bb956a8,0
18014,16,256,0,0,446,256,184,c734598b0a6d4928704197e8c66965203428f9c28f945e7534f2fe638a180ca2,ad48b47314444cc5fdc34e9fa1b0d9d4ab93e172d0a65f7c1a61eac2eda511e4,0
18015,16,256,0,0,470,256,208,43f2f73f2bdf65c010514762d84179e20154286d3328a2e9b48f6c61f55aa078,33b9a69b359689e00ad477f99757b4e1cde59783bda9c78251adecd3fc3fd34f,0
18016,16,256,0,0,488,256,226,dfff33215983e67d45d32dcb51c76e74f9db549004758d1bbf76b37a3e2a6438,cfd28c907f21301db63e27df4783b72eec70f035c1efa6abae32aa6a5a82ca2d,0
18017,16,256,0,0,530,256,268,ef215cf6ce39829b03322700b85f484eaa0928e97c7dca6360490f9cc8e5bcdd,4ac566608c6e93a2191bdb98e45b6b2c2a86ac64d86aadb1d770cca21c37a92f,0
18018,16,256,0,0,530,256,268,b934bd21a98e066f0feb577867fc15b294f08352ac55f70abadc4014e6b583e9,63f85b1d5ffcefb109e14e05f086f90433e6882556435f74ba473c6e9795e746,0
18019,16,256,0,0,524,256,262,9c44843d6d297702c85a1d2be39c6194b0bbc4bbbbba3e5308d5ceebfa0163cb,691f61f5b8fa8a55e08e1299f7e8df1768ea369aa008a0ae3cef5ca59214a38d,0
18020,16,256,0,0,554,256,292,6a48c9eb31a31f3eea71ffdf92094bde3f14f8b4249f99ed4acbe34915d68e8e,2889b514ea4003c1dcac5d73bba0c0561a9d20aacacf69809216f1749dd2ce5b,0
18021,16,256,0,0,566,256,304,0b1ce68495c1b51bf7ab63cefb1c9bfb8ef0a415aba85717f80659c993617545,8f45be6b809543292122bdf5ae0a7ce9cea3ce3ce48b23212b49ea79fa64d74a,0
18022,16,256,0,0,574,256,312,a99329ef55ec4f8ac65f3c025603278560bbccfdfae3f6e5996158698f4c7947,a7a88d7aa336e393f5a7d5920238b283fc41f699ef9777c7fcd67c8bfe130e91,0
18023,16,256,0,0,548,256,286,fd52150b355830aad3f0ce0e13ccd019c8803b50847c3f038b4889e9177545f4,c65bcae8aedc0c47cca03537a2ba4692bdac35600e0be79c597ca6a618504fd5,0
18024,16,256,0,0,548,256,286,077708da87c03fe08462e14a552460df06caedf3da53fe14ab69fc963a8735d8,477189d933b9cc52fa1d025d46292a3aa16129ab37f5d1a4adca8ede04089c40,0
18025,16,256,0,0,590,256,328,023f699e032a8aa26aa6afe14c17dd161740b452af5687f823d74d0062355a15,a5968dbff53b2d1457cabb9c9c632f5bcd9c35caf03cd80f983a57eb6007c246,0
18026,16,256,0,0,572,256,310,21d0bfa7b871065fa6728675c39ec655d8f9bebb0209acb9e207d02e75108ac9,bee194cbc585d4d7a5e92cf45b6743a5775c3678e98ffcea7feb6c13dfbdff75,0
18027,16,256,0,0,578,256,316,e390e4501d97b355fc57fe09b5cc74cdb54eb5be90c48e3ab56c0a5ddcb436bc,3a80705539b6d169a7a61b932b778ef5a316b0d3358ac33719a4e44fa6ec7626,0
18028,16,256,0,0,578,256,316,af56a6056c277bb14c9690e7596ae66c5df46944e160c4b53f8aa712ae4eecf2,64e669b812162da4bac4d366bc3f9b633662148f19e57c7a340e0a76392d37a0,0
18029,16,256,0,0,512,256,250,7ab8d24064a541fb78a0e578e6950bb6a2353b50b8c466d18a5fe9362ebf397e,edc94e1ab3816a1114351a5de1bacd5564cbd10c68df750819410fae356be25a,0
20000,48,2304,0,0,2820,2304,510,39b3ca3273d7b6487ef659e90be2d60f618eb4e3cb7ad1bed59262ada6aa7c9e,3fad59a8a6e5a4ef79f01aeac7e78d407f17f805f8801c43ae5abd60d9c2d275,0
20001,48,2304,0,0,4008,2304,1698,18e1db614a45e2221d2ba5535964cb0f7eeeee72dd8277d75add32ccfcab4543,caa5fb0e5bd4f345ac0c1f41c5dca83932ba2544e77e12b80cf8d1682c97b586,0
20002,48,2304,0,0,3972,2304,1662,0e5fe651a8cc007257eebf40882af622430cd2946882233c1f7b162c60c88dc5,929c4c051b5ac8c7de6f8ffcf0b05627919b5fa22dc0cb0404d990514af5a10d,0
20003,48,2304,0,0,4156,2304,1846,2a362974ca841318561ced6d3d7494c864c06697110f1ce9c6d50fe0723bdb97,a026a65f82bb9bedda39cd1db61cb861d19f74fa147a9fc881684946fc91aff6,0
20004,48,2304,0,0,3956,2304,1646,9816921fe6c0c3fcce590b589172bfd4d5a925d615fe153bef75dd3f104b5691,98982204bde099c9e51669036b28285353cd3c86382e0abe42e7a3e10dce1a6d,0
20005,48,2304,0,0,3716,2304,1406,3312a63e03fe5997478ccf5ff103f45d9ea7af4ef44242799d8ba1d994b31f0e,004a15550e9f1826b25e36166f824604a18c968901094592e15585a6eb3dd0e4,0
20006,48,2304,0,0,3350,2304,1040,124455a6a24027b6667b8db3e53fe45a62b8d0c5664e155462c65c70a9e334c8,f1953d80388173c1949aad71aa6e095c1ced5a44451103ba70b13c677e1abb0e,0
20007,48,2304,0,0,3940,2304,1630,497bfce47edad3642639e63749662046ef2e3f21865edcc80261a5dd3f18478d,2f6d2c6742d2873b893b658f1d7bd0504e942262fdf8cb02c4160330d963234e,0
20008,48,2304,0,0,4348,2304,2038,028ff83d4855c8057a3019bf707cb02b034835770140c9c65307bb005b3c4098,494c7ab667f07837e44c0b0d2ed34b6e3333e44caef9ae7c33a480eb3f069ecb,0
20009,48,2304,0,0,4634,2304,2324,cc6b0594c052316d44a896fd9236aa1159507d2abc818dc706b0de5ca3ebe807,e06a30705113b942a05db6e130a05afebdcda743bbc624a80b6955f3d8c50a24,0
20010,48,2304,0,0,2518,2304,208,a33aeb969bfb696354b6e93f3f368b3dcd2fa01b96309350370d50f8ffa9b865,dde9f9ee28a0372107d17d010ccdf787261074a318953b7d23c3b2bc5a0cd2ba,0
30000,16,256,0,0,432,256,170,22d79f6e29ba008fcc2da54f53f29fadd032af60a3a632c5caf8ea3168da0cbc,47feb3654d057e157767f5dfb592b2d5409094f629994fe9c5c9ad832b57d34a,0
30001,16,256,0,0,432,256,170,58c9bdc51accd6fe608901c3b0adcc9e87fd4580823782af5ad18b8024a765d6,2b39f13ba8f047476c0f32eaa055bf2f9e46515b8dbe48536256c747403be2b8,0
30002,16,256,0,0,488,256,226,43df2a55d3dd4a2f58d1375e3203f6d35961885db4f60c57c1a98767d0192f30,d4d8f03d161e56bf1750add8a0cbdc0cdce1dd359d53c8c4b920db8749371d7d,0
30003,16,256,0,0,494,256,232,44307b682f846b8e22cc52aba11f3f1b0c8fa244c454c611a349c1d52f2dddd2,7a2effa95fcfb58fb7e74c3fb6479f4828309a30052570fe43b9888cb5a66f3e,0
30004,16,256,0,0,482,256,220,822ea0bb1543b10ce2e7a084c563643ff5230e4d06f2aa9f6de6537e239bfcbe,2fb27dbfeff6c5b665f082fc232a0156b0f3441ed6769a0655c5f9128cd44347,0
30005,16,256,0,0,482,256,220,4ac582d69b0c273771266c466e3f5ae904c3cce47ba786f17ef51de8a2fa8608,e94f0283fdd1c904131bd8f7279c80bb746e526576b435d7befcee015bc72d67,0
30006,16,256,0,0,470,256,208,86aeb460439e4b2631670bb19130d9767e1c920ddb32d99c8c33c4a3a1accdbf,2e99a12316aa536eb6f084bb5514b25fbb72c4fe24006b5f4045c1e5b74b1bd2,0
30007,16,256,0,0,488,256,226,90ed91ba1ca939ef8f38b7e8dc64ef81507970b35f81fcf672dd2b42c65ec3c6,dff606f3b2bef6b0885992604f5acfbeac363ba2aa72873fca51c7326f26b4f7,0
30008,16,256,0,0,488,256,226,35b95ca2a3eda7baab952082b22405b3c6895d13c18645ee11ab281365dc76e2,72815f17a55fb15e8d0c689dd0767a042986a3108400aa139390d251a561eadd,0
30009,16,256,0,0,488,256,226,f3aeb620d55689454d85017a679c58c55dd963a9f00824cb72467d134b58eb94,e86bde2730db551b130dd024160ec7db1b70ca919cc2d773aa5147eeff894a79,0
30010,16,256,0,0,476,256,214,fc2bbdb44ff2bea57c86d0bc00abcf746008989bc3ce5d6bc906d0857cb38ce2,e7d06dc179fe4bb74b37b036d5583e506826ab0c7ab1f6b6f29327c6e970cabb,0
30011,16,256,0,0,440,256,178,eb056bfd3d420ab9c4a04b8dd27633200a8c6618cc8cbc0fb2dbc3006b3d1211,b69333a55c86bc045afd4331397da89b07d31fd322f958a6c245976179efa64d,0
30012,16,256,0,0,442,256,180,554354de6669368ce8e9fefc705bd70cc98ba8e30d0f818b32672bf4cd38f572,15cf9b2aa8fba7ae7e56a8d8397d66fa5f7ed720aa07d90236fa532882d6354c,0
30013,16,256,0,0,444,256,182,651764776f1e19194c76ba1fff94a459158ae8e0ef881e0dfb0538cb429c599b,6c3e1db0b49f17eaf93d0b02132f5b8c76c4271785e42b658390201195aff53f,0
30014,16,256,0,0,464,256,202,e80ec5377a2d19f0d849ac7ada76f33e847fa363930978ffe9b8d7500f58e500,8b98b477d3506e2deedd2dbf4697d676ce332d73f4fd581df9f6d056435ad33b,0
30015,16,256,0,0,488,256,226,4ae624815bc865139a74075f2b9b67ae4a9463024084be79ce7d00539c40b446,ad5fbfd552ab06045aeb5fdc4c6d819734c38135c6c5fcc344f2e1f8980efeb2,0
30016,16,256,0,0,482,256,220,5214962c7e1e54b21a3edb5c59836954161eeca084a71a3a5e86d8d580ca5731,e861e6f316b54980fd64079dda28970de891ddfcf42c0c2fb1626417f493f913,0
30017,16,256,0,0,494,256,232,aff8b14e22d848b449179a89eb22634558aefc64f1add6103aaf71520141d757,568ac8eaab38283c4c3283edcf1fac5aa2954ffacbba03dedaa40e2d911798ed,0
30018,16,256,0,0,464,256,202,112ace830b38deeb7fbf8436677734d130c285d471d6b1b940dd6e42bdb933ea,17c20dd487d792a0a24dd1856c104d09f53b6c11b9e9965072949309df4c3a28,0
30019,16,256,0,0,488,256,226,757bee42af98d170d7235a2a4578d1fcfaed7c25906a28e8a9f7d9e2277c811a,34304a759b456aa16642154c77c46b72b08175ca14d0b184c428337669b93cd8,0
30020,16,256,0,0,482,256,220,8d331cc1d9e2d90efc6b677a8d24277a113e3a71298b073f4ee63ee32b2ff079,20bf838940bf7f9b823a4089c54a79c13ffe37158182a3f478bd7049c3edd55b,0
30021,16,256,0,0,482,256,220,33dcc37b1eeff7be5754d692955c018bcba226f701b66929dfab94f1387d2eb2,02a041c4ea4cff0c3f461266e890b72c5afae890de0092d4c3f8c3286821280f,0
30022,16,256,0,0,470,256,208,90f3917f9f5dce24208280a07f038d1d94cd114ffd4f5bf58ed1f68686c341eb,1a9848d627c614c8621c7e31ad377ad118c5100d01c1cb28fc6aa0d1f4ebc3d4,0
30023,16,256,0,0,460,256,198,8e1477c4f21a113c2eab8d39d83836f298b589833a3229ded1e30ffadde2bc11,bac1d4f271b14465ff5202d2dae0091883961258b16f0a008ba7ee9257021a65,0
